dataset,algorithm,n_clusters,metric,param_m,param_alpha,run_id,runtime,ari,purity,davies_bouldin,f_measure
pen-based,FCM_Standard,2,euclidean,1.5,1.0,0,5.149166624993090,0.10399253107330200,0.8617176128093160,1.8188759132420600,0.2844704025196170
pen-based,FCM_Standard,2,euclidean,1.5,1.0,1,4.6229316249955400,0.10399253107330200,0.8617176128093160,1.8188759132420600,0.2844704025196170
pen-based,FCM_Standard,2,euclidean,1.5,1.0,2,5.4007940830197200,0.10399253107330200,0.8617176128093160,1.8188759132420600,0.2844704025196170
pen-based,FCM_Standard,2,euclidean,1.5,1.0,3,4.330653083976360,0.10399253107330200,0.8617176128093160,1.8188759132420600,0.2844704025196170
pen-based,FCM_Standard,2,euclidean,1.5,1.0,4,4.9996910421177700,0.10399253107330200,0.8617176128093160,1.8188759132420600,0.2844704025196170
pen-based,FCM_Standard,2,euclidean,1.5,1.0,5,5.623184791998940,0.10399253107330200,0.8617176128093160,1.8188759132420600,0.2844704025196170
pen-based,FCM_Standard,2,euclidean,1.5,1.0,6,4.728965833084660,0.10399253107330200,0.8617176128093160,1.8188759132420600,0.2844704025196170
pen-based,FCM_Standard,2,euclidean,1.5,1.0,7,5.802490875124930,0.13439912451953500,0.9008369723435230,1.888855195269870,0.3022168088041560
pen-based,FCM_Standard,2,euclidean,1.5,1.0,8,3.9670583340339400,0.10399253107330200,0.8617176128093160,1.8188759132420600,0.2844704025196170
pen-based,FCM_Standard,2,euclidean,1.5,1.0,9,5.201938041020190,0.13439912451953500,0.9008369723435230,1.888855195269870,0.3022168088041560
pen-based,FCM_Standard,2,euclidean,2.0,1.0,0,8.086937624961140,0.10225922146663600,0.8529839883551670,1.8608401516639800,0.28149445988018100
pen-based,FCM_Standard,2,euclidean,2.0,1.0,1,7.988517707912250,0.10237555188368300,0.853438864628821,1.8588975850442800,0.28164918028564400
pen-based,FCM_Standard,2,euclidean,2.0,1.0,2,8.916350292041900,0.10237555188368300,0.853438864628821,1.8588975850442800,0.28164918028564400
pen-based,FCM_Standard,2,euclidean,2.0,1.0,3,7.308351374929770,0.10237555188368300,0.853438864628821,1.8588975850442800,0.28164918028564400
pen-based,FCM_Standard,2,euclidean,2.0,1.0,4,8.337562125176190,0.10237555188368300,0.853438864628821,1.8588975850442800,0.28164918028564400
pen-based,FCM_Standard,2,euclidean,2.0,1.0,5,8.517627957975490,0.10225922146663600,0.8529839883551670,1.8608401516639800,0.28149445988018100
pen-based,FCM_Standard,2,euclidean,2.0,1.0,6,7.963768833084030,0.10237555188368300,0.853438864628821,1.8588975850442800,0.28164918028564400
pen-based,FCM_Standard,2,euclidean,2.0,1.0,7,12.661634417017900,0.10225922146663600,0.8529839883551670,1.8608401516639800,0.28149445988018100
pen-based,FCM_Standard,2,euclidean,2.0,1.0,8,7.2009384168777600,0.10225922146663600,0.8529839883551670,1.8608401516639800,0.28149445988018100
pen-based,FCM_Standard,2,euclidean,2.0,1.0,9,11.696085707983000,0.10237555188368300,0.853438864628821,1.8588975850442800,0.28164918028564400
pen-based,FCM_Standard,2,euclidean,2.5,1.0,0,1.829437250038610,0.09834474624131700,0.8327874818049490,1.9353309422402800,0.27490262368604100
pen-based,FCM_Standard,2,euclidean,2.5,1.0,1,2.262885541887950,0.10435325695776500,0.8568959243085880,1.831886849937540,0.2828623672757900
pen-based,FCM_Standard,2,euclidean,2.5,1.0,2,1.9366628751158700,0.10755264355346800,0.8501637554585150,1.8631100623215100,0.2867356681667490
pen-based,FCM_Standard,2,euclidean,2.5,1.0,3,2.289864500053230,0.10363061085586100,0.8563500727802040,1.8371673723318800,0.28266466296433800
pen-based,FCM_Standard,2,euclidean,2.5,1.0,4,1.6407775001134700,0.10560792972051200,0.8485262008733620,1.839533867476740,0.2841198739107230
pen-based,FCM_Standard,2,euclidean,2.5,1.0,5,1.8977639169897900,0.09651975155767530,0.8156841339155750,1.993682276142440,0.2724619322938690
pen-based,FCM_Standard,2,euclidean,2.5,1.0,6,2.041484958026560,0.10424075702122800,0.8565320232896650,1.8317946843257700,0.2827455669082660
pen-based,FCM_Standard,2,euclidean,2.5,1.0,7,1.135222916956990,0.13786522879791100,0.9008369723435230,1.9109917123840500,0.30124489659433600
pen-based,FCM_Standard,2,euclidean,2.5,1.0,8,1.7844289999920900,0.10133585810819900,0.8487991266375550,1.8788806267614100,0.28011272280093300
pen-based,FCM_Standard,2,euclidean,2.5,1.0,9,1.6813162500038700,0.1388640018312060,0.8811863173216890,2.0605875932532800,0.2959261607266000
pen-based,FCM_Standard,3,euclidean,1.5,1.0,0,4.338034249842170,0.19853926661481400,0.7736535662299860,1.5156791649957100,0.3576793913962970
pen-based,FCM_Standard,3,euclidean,1.5,1.0,1,4.6264169157948300,0.19853926661481400,0.7736535662299860,1.5156791649957100,0.3576793913962970
pen-based,FCM_Standard,3,euclidean,1.5,1.0,2,4.263420082861560,0.19853926661481400,0.7736535662299860,1.5156791649957100,0.3576793913962970
pen-based,FCM_Standard,3,euclidean,1.5,1.0,3,5.192792166955770,0.19853926661481400,0.7736535662299860,1.5156791649957100,0.3576793913962970
pen-based,FCM_Standard,3,euclidean,1.5,1.0,4,5.54285812494345,0.19853926661481400,0.7736535662299860,1.5156791649957100,0.3576793913962970
pen-based,FCM_Standard,3,euclidean,1.5,1.0,5,3.690532707842070,0.19853926661481400,0.7736535662299860,1.5156791649957100,0.3576793913962970
pen-based,FCM_Standard,3,euclidean,1.5,1.0,6,4.533386292168870,0.19853926661481400,0.7736535662299860,1.5156791649957100,0.3576793913962970
pen-based,FCM_Standard,3,euclidean,1.5,1.0,7,4.701810667058450,0.19853926661481400,0.7736535662299860,1.5156791649957100,0.3576793913962970
pen-based,FCM_Standard,3,euclidean,1.5,1.0,8,4.842080665985120,0.19853926661481400,0.7736535662299860,1.5156791649957100,0.3576793913962970
pen-based,FCM_Standard,3,euclidean,1.5,1.0,9,3.867142166942360,0.19853926661481400,0.7736535662299860,1.5156791649957100,0.3576793913962970
pen-based,FCM_Standard,3,euclidean,2.0,1.0,0,8.125324958004060,0.21235645453251800,0.7967612809315870,1.5243864272292800,0.3660487794434210
pen-based,FCM_Standard,3,euclidean,2.0,1.0,1,7.492770459037270,0.21235645453251800,0.7967612809315870,1.5243864272292800,0.3660487794434210
pen-based,FCM_Standard,3,euclidean,2.0,1.0,2,6.999379915883770,0.21235645453251800,0.7967612809315870,1.5243864272292800,0.3660487794434210
pen-based,FCM_Standard,3,euclidean,2.0,1.0,3,6.5461995410732900,0.21235645453251800,0.7967612809315870,1.5243864272292800,0.3660487794434210
pen-based,FCM_Standard,3,euclidean,2.0,1.0,4,7.2765552080236400,0.21235645453251800,0.7967612809315870,1.5243864272292800,0.3660487794434210
pen-based,FCM_Standard,3,euclidean,2.0,1.0,5,6.693891334114600,0.21235645453251800,0.7967612809315870,1.5243864272292800,0.3660487794434210
pen-based,FCM_Standard,3,euclidean,2.0,1.0,6,6.57128412486054,0.21235645453251800,0.7967612809315870,1.5243864272292800,0.3660487794434210
pen-based,FCM_Standard,3,euclidean,2.0,1.0,7,8.977133833104750,0.21235645453251800,0.7967612809315870,1.5243864272292800,0.3660487794434210
pen-based,FCM_Standard,3,euclidean,2.0,1.0,8,6.693484458141030,0.21235645453251800,0.7967612809315870,1.5243864272292800,0.3660487794434210
pen-based,FCM_Standard,3,euclidean,2.0,1.0,9,6.4791118749417400,0.21235645453251800,0.7967612809315870,1.5243864272292800,0.3660487794434210
pen-based,FCM_Standard,3,euclidean,2.5,1.0,0,2.1062797089107300,0.09460110342220030,0.8135917030567690,1.874823209955100,0.2716538904783090
pen-based,FCM_Standard,3,euclidean,2.5,1.0,1,2.0947713749483200,0.22181207319613400,0.8356986899563320,1.5957069022259100,0.38559902815857400
pen-based,FCM_Standard,3,euclidean,2.5,1.0,2,2.2436067080125200,0.16209547385777300,0.7913027656477440,1.593853541485160,0.3527673518195600
pen-based,FCM_Standard,3,euclidean,2.5,1.0,3,2.786344167077910,0.09744806634897030,0.8129548762736540,1.9922573389079300,0.2739851192672240
pen-based,FCM_Standard,3,euclidean,2.5,1.0,4,2.538815249921750,0.16549210919383300,0.7974890829694320,1.9054380828269100,0.3562686159689860
pen-based,FCM_Standard,3,euclidean,2.5,1.0,5,2.8125939168967300,0.09642580457386410,0.7986717612809320,1.9077733488804100,0.27486305999558600
pen-based,FCM_Standard,3,euclidean,2.5,1.0,6,2.8072978330310400,0.1048639783580980,0.8503457059679770,2.001711653882630,0.2828910722933450
pen-based,FCM_Standard,3,euclidean,2.5,1.0,7,1.974774417001750,0.16064716226446400,0.8015829694323140,1.7770951918051600,0.35277908105900600
pen-based,FCM_Standard,3,euclidean,2.5,1.0,8,2.6705028750002400,0.10281979737959700,0.8442503639010190,2.0902863334102800,0.2819612772291010
pen-based,FCM_Standard,3,euclidean,2.5,1.0,9,2.528866957873110,0.13307091441754400,0.7568231441048030,1.7144223857457600,0.3265436864520480
pen-based,FCM_Standard,4,euclidean,1.5,1.0,0,4.023336082929750,0.3039764643158520,0.8058588064046580,1.445870019716420,0.46304445766596700
pen-based,FCM_Standard,4,euclidean,1.5,1.0,1,3.8450071660336100,0.3039764643158520,0.8058588064046580,1.445870019716420,0.46304445766596700
pen-based,FCM_Standard,4,euclidean,1.5,1.0,2,4.340155124897140,0.3039764643158520,0.8058588064046580,1.445870019716420,0.46304445766596700
pen-based,FCM_Standard,4,euclidean,1.5,1.0,3,3.3878808750305300,0.3039764643158520,0.8058588064046580,1.445870019716420,0.46304445766596700
pen-based,FCM_Standard,4,euclidean,1.5,1.0,4,4.306480667088180,0.3039764643158520,0.8058588064046580,1.445870019716420,0.46304445766596700
pen-based,FCM_Standard,4,euclidean,1.5,1.0,5,4.361856207950040,0.3039764643158520,0.8058588064046580,1.445870019716420,0.46304445766596700
pen-based,FCM_Standard,4,euclidean,1.5,1.0,6,3.9977673338726200,0.3039764643158520,0.8058588064046580,1.445870019716420,0.46304445766596700
pen-based,FCM_Standard,4,euclidean,1.5,1.0,7,4.300393624929710,0.3039764643158520,0.8058588064046580,1.445870019716420,0.46304445766596700
pen-based,FCM_Standard,4,euclidean,1.5,1.0,8,3.914973499951880,0.3039764643158520,0.8058588064046580,1.445870019716420,0.46304445766596700
pen-based,FCM_Standard,4,euclidean,1.5,1.0,9,5.086357624968510,0.3039764643158520,0.8058588064046580,1.445870019716420,0.46304445766596700
pen-based,FCM_Standard,4,euclidean,2.0,1.0,0,9.911163750104610,0.3238605350530430,0.8213245997088790,1.4861437876412600,0.4723586537174270
pen-based,FCM_Standard,4,euclidean,2.0,1.0,1,11.277350292075400,0.3238605350530430,0.8213245997088790,1.4861437876412600,0.4723586537174270
pen-based,FCM_Standard,4,euclidean,2.0,1.0,2,9.480631166836250,0.3238605350530430,0.8213245997088790,1.4861437876412600,0.4723586537174270
pen-based,FCM_Standard,4,euclidean,2.0,1.0,3,10.164120167028200,0.3238605350530430,0.8213245997088790,1.4861437876412600,0.4723586537174270
pen-based,FCM_Standard,4,euclidean,2.0,1.0,4,9.533205959014600,0.3238605350530430,0.8213245997088790,1.4861437876412600,0.4723586537174270
pen-based,FCM_Standard,4,euclidean,2.0,1.0,5,11.052767208078900,0.3238605350530430,0.8213245997088790,1.4861437876412600,0.4723586537174270
pen-based,FCM_Standard,4,euclidean,2.0,1.0,6,9.272346416953950,0.3238605350530430,0.8213245997088790,1.4861437876412600,0.4723586537174270
pen-based,FCM_Standard,4,euclidean,2.0,1.0,7,12.487151292152700,0.3238605350530430,0.8213245997088790,1.4861437876412600,0.4723586537174270
pen-based,FCM_Standard,4,euclidean,2.0,1.0,8,10.198566125007300,0.3238605350530430,0.8213245997088790,1.4861437876412600,0.4723586537174270
pen-based,FCM_Standard,4,euclidean,2.0,1.0,9,11.257489874959000,0.3238605350530430,0.8213245997088790,1.4861437876412600,0.4723586537174270
pen-based,FCM_Standard,4,euclidean,2.5,1.0,0,3.2368405829183800,0.10289533887944000,0.8289665211062590,2.003047622998760,0.27941340159862300
pen-based,FCM_Standard,4,euclidean,2.5,1.0,1,2.5464885828550900,0.20521224386219100,0.8010371179039300,1.561863672550310,0.37046058726758400
pen-based,FCM_Standard,4,euclidean,2.5,1.0,2,2.7186855839099700,0.11060838851201800,0.7340793304221250,1.875330625505450,0.31326350827937600
pen-based,FCM_Standard,4,euclidean,2.5,1.0,3,2.680743583943700,0.17251005302177000,0.7897561863173220,1.8255699813362800,0.35938694456229700
pen-based,FCM_Standard,4,euclidean,2.5,1.0,4,3.5450688749551800,0.11598359016070800,0.8053129548762740,2.037572187473390,0.3047073498746560
pen-based,FCM_Standard,4,euclidean,2.5,1.0,5,2.861063083168120,0.11592495247630900,0.8234170305676860,1.785519113507810,0.3019437259398360
pen-based,FCM_Standard,4,euclidean,2.5,1.0,6,2.7716100830584800,0.17266020849538600,0.7973071324599710,2.594746804938240,0.3598770573210420
pen-based,FCM_Standard,4,euclidean,2.5,1.0,7,2.9632013749796900,0.11987154189815300,0.7891193595342070,2.3372700782397700,0.3195695317425200
pen-based,FCM_Standard,4,euclidean,2.5,1.0,8,3.073033249937000,0.1795944715991020,0.8030385735080060,1.6058265004080000,0.3624970198710580
pen-based,FCM_Standard,4,euclidean,2.5,1.0,9,2.9683100001420800,0.1234784886053130,0.783933770014556,1.9948737588605400,0.31905152460716900
pen-based,FCM_Standard,5,euclidean,1.5,1.0,0,5.57502641598694,0.3376889835204300,0.7929403202328970,1.3535413795344500,0.5184947849845120
pen-based,FCM_Standard,5,euclidean,1.5,1.0,1,4.94307008292526,0.3376889835204300,0.7929403202328970,1.3535413795344500,0.5184947849845120
pen-based,FCM_Standard,5,euclidean,1.5,1.0,2,5.8665707090403900,0.36377990606301300,0.7984898107714700,1.3125517742238600,0.5191966495712790
pen-based,FCM_Standard,5,euclidean,1.5,1.0,3,5.563441208098080,0.3376889835204300,0.7929403202328970,1.3535413795344500,0.5184947849845120
pen-based,FCM_Standard,5,euclidean,1.5,1.0,4,7.124971542041750,0.36377990606301300,0.7984898107714700,1.3125517742238600,0.5191966495712790
pen-based,FCM_Standard,5,euclidean,1.5,1.0,5,4.760919457999990,0.3376889835204300,0.7929403202328970,1.3535413795344500,0.5184947849845120
pen-based,FCM_Standard,5,euclidean,1.5,1.0,6,6.164454415906220,0.36377990606301300,0.7984898107714700,1.3125517742238600,0.5191966495712790
pen-based,FCM_Standard,5,euclidean,1.5,1.0,7,4.724780875025320,0.3376889835204300,0.7929403202328970,1.3535413795344500,0.5184947849845120
pen-based,FCM_Standard,5,euclidean,1.5,1.0,8,6.328854207880800,0.36377990606301300,0.7984898107714700,1.3125517742238600,0.5191966495712790
pen-based,FCM_Standard,5,euclidean,1.5,1.0,9,8.09474041685462,0.36377990606301300,0.7984898107714700,1.3125517742238600,0.5191966495712790
pen-based,FCM_Standard,5,euclidean,2.0,1.0,0,28.518144167028400,0.3227817866819440,0.7686499272197960,1.3618768804768300,0.48837333166550400
pen-based,FCM_Standard,5,euclidean,2.0,1.0,1,26.9068925420288,0.32322522103812300,0.7689228529839880,1.3617674809027800,0.488742208520685
pen-based,FCM_Standard,5,euclidean,2.0,1.0,2,27.175375167047600,0.3227817866819440,0.7686499272197960,1.3618768804768300,0.48837333166550400
pen-based,FCM_Standard,5,euclidean,2.0,1.0,3,26.6031257500872,0.32309003282555300,0.7688318777292580,1.3617421250914800,0.4886419361259570
pen-based,FCM_Standard,5,euclidean,2.0,1.0,4,15.870689667062800,0.3227683284152640,0.7686499272197960,1.3619706759434200,0.4883707913784800
pen-based,FCM_Standard,5,euclidean,2.0,1.0,5,27.22901124996130,0.32309003282555300,0.7688318777292580,1.3617421250914800,0.4886419361259570
pen-based,FCM_Standard,5,euclidean,2.0,1.0,6,27.15962770790790,0.3227817866819440,0.7686499272197960,1.3618768804768300,0.48837333166550400
pen-based,FCM_Standard,5,euclidean,2.0,1.0,7,27.63391162501650,0.3227683284152640,0.7686499272197960,1.3619706759434200,0.4883707913784800
pen-based,FCM_Standard,5,euclidean,2.0,1.0,8,27.47079470800240,0.32294081172481500,0.768740902474527,1.3619274707649500,0.48852248126379500
pen-based,FCM_Standard,5,euclidean,2.0,1.0,9,27.6170060839504,0.3234948890966730,0.7690138282387190,1.3624626731625700,0.4888589753321510
pen-based,FCM_Standard,5,euclidean,2.5,1.0,0,2.62782287504524,0.2410909023222060,0.7668304221251820,2.021984621130550,0.4378525943246320
pen-based,FCM_Standard,5,euclidean,2.5,1.0,1,3.1344064162112800,0.11387363995134400,0.8154112081513830,2.013665930938810,0.29812458217867000
pen-based,FCM_Standard,5,euclidean,2.5,1.0,2,2.762061499990520,0.22222458557502100,0.8260553129548760,1.5718938398902000,0.380996623149908
pen-based,FCM_Standard,5,euclidean,2.5,1.0,3,2.8585014999844100,0.12358268393620000,0.7228893740902470,2.3819147399551000,0.32798370851471200
pen-based,FCM_Standard,5,euclidean,2.5,1.0,4,2.8923544578719900,0.19716982910890700,0.7935771470160120,2.30889572101481,0.3739768236839950
pen-based,FCM_Standard,5,euclidean,2.5,1.0,5,3.10018604202196,0.2043299498290700,0.8109534206695780,1.9012280368496100,0.3763256268589090
pen-based,FCM_Standard,5,euclidean,2.5,1.0,6,3.0143381669186100,0.21137823790863300,0.8104985443959240,2.1203861808776900,0.3807400982108470
pen-based,FCM_Standard,5,euclidean,2.5,1.0,7,3.0258112910669300,0.15950284085109900,0.7983078602620090,2.2573799067333800,0.34946918095088500
pen-based,FCM_Standard,5,euclidean,2.5,1.0,8,3.191131416009740,0.22853312051041700,0.8406113537117900,2.1504115097048900,0.390625225719772
pen-based,FCM_Standard,5,euclidean,2.5,1.0,9,2.937374792061750,0.09791051929024590,0.7907569141193600,1.8823609597834500,0.2705714966268690
pen-based,FCM_Standard,6,euclidean,1.5,1.0,0,11.825787417125000,0.40947904315938200,0.7920305676855900,1.2840985261640000,0.5796388972996120
pen-based,FCM_Standard,6,euclidean,1.5,1.0,1,9.985857625026260,0.40947904315938200,0.7920305676855900,1.2840985261640000,0.5796388972996120
pen-based,FCM_Standard,6,euclidean,1.5,1.0,2,5.910024542128670,0.40947904315938200,0.7920305676855900,1.2840985261640000,0.5796388972996120
pen-based,FCM_Standard,6,euclidean,1.5,1.0,3,5.5072258750442400,0.40947904315938200,0.7920305676855900,1.2840985261640000,0.5796388972996120
pen-based,FCM_Standard,6,euclidean,1.5,1.0,4,9.363721332978460,0.40947904315938200,0.7920305676855900,1.2840985261640000,0.5796388972996120
pen-based,FCM_Standard,6,euclidean,1.5,1.0,5,5.481460959184920,0.40947904315938200,0.7920305676855900,1.2840985261640000,0.5796388972996120
pen-based,FCM_Standard,6,euclidean,1.5,1.0,6,10.27995516685770,0.40947904315938200,0.7920305676855900,1.2840985261640000,0.5796388972996120
pen-based,FCM_Standard,6,euclidean,1.5,1.0,7,5.185220666928220,0.40947904315938200,0.7920305676855900,1.2840985261640000,0.5796388972996120
pen-based,FCM_Standard,6,euclidean,1.5,1.0,8,6.545331000117590,0.40947904315938200,0.7920305676855900,1.2840985261640000,0.5796388972996120
pen-based,FCM_Standard,6,euclidean,1.5,1.0,9,7.578032084042210,0.4118715682378880,0.7887554585152840,1.2678503558748000,0.5730324393035020
pen-based,FCM_Standard,6,euclidean,2.0,1.0,0,22.30803612503220,0.3174037097489290,0.7549126637554590,1.4709567785384800,0.48100810388726
pen-based,FCM_Standard,6,euclidean,2.0,1.0,1,30.688147667096900,0.3174037097489290,0.7549126637554590,1.4709567785384800,0.48100810388726
pen-based,FCM_Standard,6,euclidean,2.0,1.0,2,29.948784625157700,0.3174398232600010,0.7548216885007280,1.4176946533607300,0.48096484874857400
pen-based,FCM_Standard,6,euclidean,2.0,1.0,3,30.0813695830293,0.3174037097489290,0.7549126637554590,1.4709567785384800,0.48100810388726
pen-based,FCM_Standard,6,euclidean,2.0,1.0,4,24.93853162485180,0.31735480365366900,0.7548216885007280,1.3757037167891900,0.48093794417273000
pen-based,FCM_Standard,6,euclidean,2.0,1.0,5,30.608973416034100,0.31735480365366900,0.7548216885007280,1.3757037167891900,0.48093794417273000
pen-based,FCM_Standard,6,euclidean,2.0,1.0,6,31.009838041849400,0.31735480365366900,0.7548216885007280,1.3757037167891900,0.48093794417273000
pen-based,FCM_Standard,6,euclidean,2.0,1.0,7,33.75219691707750,0.31735480365366900,0.7548216885007280,1.3757037167891900,0.48093794417273000
pen-based,FCM_Standard,6,euclidean,2.0,1.0,8,31.242072792025300,0.3174037097489290,0.7549126637554590,1.4709567785384800,0.48100810388726
pen-based,FCM_Standard,6,euclidean,2.0,1.0,9,21.763302457984500,0.31735480365366900,0.7548216885007280,1.3757037167891900,0.48093794417273000
pen-based,FCM_Standard,6,euclidean,2.5,1.0,0,3.320623042061930,0.25860493250998100,0.7770196506550220,2.0064961393777600,0.44396930644750500
pen-based,FCM_Standard,6,euclidean,2.5,1.0,1,3.4324006668757600,0.11532832495385100,0.75891557496361,1.8070289552929000,0.31532695839537600
pen-based,FCM_Standard,6,euclidean,2.5,1.0,2,3.4134884160012000,0.19049425986775100,0.7574599708879190,2.3483265334228800,0.37185097837833400
pen-based,FCM_Standard,6,euclidean,2.5,1.0,3,3.5225057501811500,0.11970114947023400,0.8203238719068410,1.8612435194320000,0.31485880848007500
pen-based,FCM_Standard,6,euclidean,2.5,1.0,4,3.3094099580775900,0.10543359014719600,0.7793850072780200,1.8160174335745400,0.294292193751796
pen-based,FCM_Standard,6,euclidean,2.5,1.0,5,3.421396999852730,0.11567484107722600,0.7810225618631730,2.043575054559720,0.31542121034270000
pen-based,FCM_Standard,6,euclidean,2.5,1.0,6,3.5823833330068700,0.16280435882635600,0.7504548762736540,2.723166856034760,0.34944631271294900
pen-based,FCM_Standard,6,euclidean,2.5,1.0,7,2.776711584068840,0.19472352430025000,0.7879366812227070,1.8107528640094000,0.3690288398867190
pen-based,FCM_Standard,6,euclidean,2.5,1.0,8,3.2084139159414900,0.22463657508855000,0.7802037845705970,1.8174320299897600,0.3844001255164610
pen-based,FCM_Standard,6,euclidean,2.5,1.0,9,3.2809545840136700,0.20076312887661100,0.7537299854439590,2.43486210633845,0.3925532271346320
pen-based,FCM_Standard,7,euclidean,1.5,1.0,0,14.203977999975900,0.4394888488668430,0.7695596797671030,1.4727611123084700,0.6189134216891410
pen-based,FCM_Standard,7,euclidean,1.5,1.0,1,11.804974500089900,0.4394888488668430,0.7695596797671030,1.4727611123084700,0.6189134216891410
pen-based,FCM_Standard,7,euclidean,1.5,1.0,2,4.390271000098440,0.4688275565794570,0.7907569141193600,1.2397087540809800,0.6378071855622480
pen-based,FCM_Standard,7,euclidean,1.5,1.0,3,4.544382208026950,0.4688275565794570,0.7907569141193600,1.2397087540809800,0.6378071855622480
pen-based,FCM_Standard,7,euclidean,1.5,1.0,4,4.721732125151900,0.4688275565794570,0.7907569141193600,1.2397087540809800,0.6378071855622480
pen-based,FCM_Standard,7,euclidean,1.5,1.0,5,4.8748412078712100,0.4688275565794570,0.7907569141193600,1.2397087540809800,0.6378071855622480
pen-based,FCM_Standard,7,euclidean,1.5,1.0,6,4.228755624964830,0.4688275565794570,0.7907569141193600,1.2397087540809800,0.6378071855622480
pen-based,FCM_Standard,7,euclidean,1.5,1.0,7,4.751475624972950,0.4688275565794570,0.7907569141193600,1.2397087540809800,0.6378071855622480
pen-based,FCM_Standard,7,euclidean,1.5,1.0,8,5.274514083983380,0.4688275565794570,0.7907569141193600,1.2397087540809800,0.6378071855622480
pen-based,FCM_Standard,7,euclidean,1.5,1.0,9,4.691703584045170,0.4688275565794570,0.7907569141193600,1.2397087540809800,0.6378071855622480
pen-based,FCM_Standard,7,euclidean,2.0,1.0,0,34.67954354197720,0.32354498391110300,0.7534570596797670,3.5222255888939600,0.4892052044020320
pen-based,FCM_Standard,7,euclidean,2.0,1.0,1,30.376129749929500,0.32616469079610200,0.7596433770014560,2.552058819496940,0.49128565574317600
pen-based,FCM_Standard,7,euclidean,2.0,1.0,2,34.58943433407690,0.3257974776701630,0.758551673944687,2.891440312699090,0.49104643412159900
pen-based,FCM_Standard,7,euclidean,2.0,1.0,3,34.3988938331604,0.3257805498806400,0.758551673944687,3.567873082294510,0.4910439709100730
pen-based,FCM_Standard,7,euclidean,2.0,1.0,4,34.38586770906110,0.32575033394755,0.7584606986899560,1.8864374895997400,0.4908219958406770
pen-based,FCM_Standard,7,euclidean,2.0,1.0,5,34.29259612504390,0.32596924226878600,0.7590065502183410,2.9777585238016400,0.4911130073254280
pen-based,FCM_Standard,7,euclidean,2.0,1.0,6,34.12720187497330,0.32582270559088200,0.7586426491994180,3.1927763806263400,0.4910971594876670
pen-based,FCM_Standard,7,euclidean,2.0,1.0,7,34.24746649991720,0.3260777326239130,0.7593704512372630,2.6117039909560400,0.49124591009902200
pen-based,FCM_Standard,7,euclidean,2.0,1.0,8,33.99193529202600,0.3228379563022170,0.75127365356623,3.103793960598250,0.4887109740746970
pen-based,FCM_Standard,7,euclidean,2.0,1.0,9,34.104477250017200,0.32502950416069,0.7564592430858810,3.271434926535280,0.49036070637117600
pen-based,FCM_Standard,7,euclidean,2.5,1.0,0,3.9096021249424700,0.20054611410674900,0.6895924308588060,3.1178296243905900,0.4067232924350780
pen-based,FCM_Standard,7,euclidean,2.5,1.0,1,4.088510375004260,0.11714856490814800,0.7983988355167390,3.0902892163942500,0.3053407487526690
pen-based,FCM_Standard,7,euclidean,2.5,1.0,2,3.7010241250973200,0.13906350586715500,0.7379002911208150,3.0598607361519500,0.32994832406111100
pen-based,FCM_Standard,7,euclidean,2.5,1.0,3,4.004026582930240,0.11517005750766500,0.8067685589519650,3.4344642815864800,0.3008913208979010
pen-based,FCM_Standard,7,euclidean,2.5,1.0,4,3.689538000151520,0.1926405587690710,0.7372634643377000,1.9645050981880700,0.4062288766892660
pen-based,FCM_Standard,7,euclidean,2.5,1.0,5,4.089540333952760,0.19530968437517300,0.8246906841339160,1.8549635445032300,0.3742283507717730
pen-based,FCM_Standard,7,euclidean,2.5,1.0,6,3.8495363330002900,0.28638580753851100,0.8100436681222710,1.608758011803100,0.4535911499990320
pen-based,FCM_Standard,7,euclidean,2.5,1.0,7,3.404977957950910,0.19862975267264400,0.787754730713246,1.8049412833109000,0.3702066163624100
pen-based,FCM_Standard,7,euclidean,2.5,1.0,8,3.555828040931370,0.1524712513409610,0.8094068413391560,1.8979765908482700,0.35270756531782000
pen-based,FCM_Standard,7,euclidean,2.5,1.0,9,3.307217250112440,0.2575513874060810,0.7540938864628820,1.6386568737372700,0.42183316220127000
pen-based,FCM_Standard,8,euclidean,1.5,1.0,0,11.060847291024400,0.5241094914828870,0.7776564774381370,1.3839353169316200,0.6855720307966720
pen-based,FCM_Standard,8,euclidean,1.5,1.0,1,8.389546916121620,0.5241094914828870,0.7776564774381370,1.3839353169316200,0.6855720307966720
pen-based,FCM_Standard,8,euclidean,1.5,1.0,2,11.45868045790120,0.5144287324541110,0.7873908296943230,1.2959368635226100,0.6860114136254470
pen-based,FCM_Standard,8,euclidean,1.5,1.0,3,6.214022750034930,0.5144287324541110,0.7873908296943230,1.2959368635226100,0.6860114136254470
pen-based,FCM_Standard,8,euclidean,1.5,1.0,4,5.981261082924900,0.5241094914828870,0.7776564774381370,1.3839353169316200,0.6855720307966720
pen-based,FCM_Standard,8,euclidean,1.5,1.0,5,5.65609841607511,0.5241094914828870,0.7776564774381370,1.3839353169316200,0.6855720307966720
pen-based,FCM_Standard,8,euclidean,1.5,1.0,6,6.416702625108880,0.5241094914828870,0.7776564774381370,1.3839353169316200,0.6855720307966720
pen-based,FCM_Standard,8,euclidean,1.5,1.0,7,5.716759500093760,0.5241094914828870,0.7776564774381370,1.3839353169316200,0.6855720307966720
pen-based,FCM_Standard,8,euclidean,1.5,1.0,8,8.272458291146900,0.5144287324541110,0.7873908296943230,1.2959368635226100,0.6860114136254470
pen-based,FCM_Standard,8,euclidean,1.5,1.0,9,6.03400104213506,0.5241094914828870,0.7776564774381370,1.3839353169316200,0.6855720307966720
pen-based,FCM_Standard,8,euclidean,2.0,1.0,0,37.17998983291910,0.42231087576879500,0.7504548762736540,1.340716620247270,0.5979203854742570
pen-based,FCM_Standard,8,euclidean,2.0,1.0,1,37.24434924987150,0.42773026883641500,0.7535480349344980,1.34524776693644,0.6013575584978640
pen-based,FCM_Standard,8,euclidean,2.0,1.0,2,37.60919900005680,0.4214325795998920,0.7498180494905390,1.3225951008516600,0.5970098057618690
pen-based,FCM_Standard,8,euclidean,2.0,1.0,3,38.31444833287970,0.4243693563658390,0.7517285298398840,1.3433639948295200,0.5992380322148480
pen-based,FCM_Standard,8,euclidean,2.0,1.0,4,51.63571691606190,0.42231087576879500,0.7504548762736540,1.340716620247270,0.5979203854742570
pen-based,FCM_Standard,8,euclidean,2.0,1.0,5,43.7643151669763,0.4224098535184810,0.7504548762736540,1.3345164876100100,0.5979514220243460
pen-based,FCM_Standard,8,euclidean,2.0,1.0,6,42.20070879091510,0.4321885153504610,0.7564592430858810,1.370142586297560,0.604547288348291
pen-based,FCM_Standard,8,euclidean,2.0,1.0,7,37.86150825000370,0.435945912927377,0.7583697234352260,1.3970151974640500,0.6071907164669610
pen-based,FCM_Standard,8,euclidean,2.0,1.0,8,37.974428916117200,0.3298935214752250,0.6819505094614270,2.205966091488610,0.4996688515639120
pen-based,FCM_Standard,8,euclidean,2.0,1.0,9,38.411137457937,0.4222897693559830,0.7504548762736540,1.3201900194150900,0.597634520621039
pen-based,FCM_Standard,8,euclidean,2.5,1.0,0,4.257334040943530,0.1251918429678650,0.785844250363901,3.5532850780779700,0.3231072298388490
pen-based,FCM_Standard,8,euclidean,2.5,1.0,1,3.610442667035390,0.29549814807400800,0.8022197962154290,2.16645570161906,0.4605274019948770
pen-based,FCM_Standard,8,euclidean,2.5,1.0,2,3.7355131250806200,0.11204090305908800,0.767467248908297,3.5399385403190100,0.30871753761383400
pen-based,FCM_Standard,8,euclidean,2.5,1.0,3,3.8995351660996700,0.15396378645742800,0.7903930131004370,3.699354384170900,0.3411296148622760
pen-based,FCM_Standard,8,euclidean,2.5,1.0,4,3.511722292052580,0.2024202344013490,0.7582787481804950,1.618886518579540,0.41138814370874500
pen-based,FCM_Standard,8,euclidean,2.5,1.0,5,3.8941639170516300,0.22462370065775000,0.7217976710334790,2.289533372935420,0.4003455565206740
pen-based,FCM_Standard,8,euclidean,2.5,1.0,6,3.886949707986790,0.13994345528130600,0.7570050946142650,1.817778554207880,0.34747810534659200
pen-based,FCM_Standard,8,euclidean,2.5,1.0,7,4.140934125054630,0.14506675176449700,0.7593704512372630,3.1883808386253500,0.3316575727861620
pen-based,FCM_Standard,8,euclidean,2.5,1.0,8,3.473177459090950,0.26310884209766500,0.7821142649199420,1.66500917116339,0.43733100431042600
pen-based,FCM_Standard,8,euclidean,2.5,1.0,9,4.386410957900810,0.12140470775327400,0.7893013100436680,2.3261732322049700,0.3176891691535110
pen-based,FCM_Standard,9,euclidean,1.5,1.0,0,9.631188957951960,0.507241640116406,0.7340793304221250,1.39949979884213,0.6740244809773370
pen-based,FCM_Standard,9,euclidean,1.5,1.0,1,6.087580250110480,0.5765991471369870,0.7738355167394470,1.414659682036370,0.7331529913427400
pen-based,FCM_Standard,9,euclidean,1.5,1.0,2,5.9642510421108500,0.539960981145852,0.7801128093158660,1.2886154956200000,0.7113145764343310
pen-based,FCM_Standard,9,euclidean,1.5,1.0,3,5.93590124999173,0.5765991471369870,0.7738355167394470,1.4146596820363700,0.7331529913427400
pen-based,FCM_Standard,9,euclidean,1.5,1.0,4,22.71291062491950,0.538149914819463,0.7724708879184860,1.3363702065758000,0.7125833869047880
pen-based,FCM_Standard,9,euclidean,1.5,1.0,5,13.459636125015100,0.507241640116406,0.7340793304221250,1.3994997988421300,0.6740244809773370
pen-based,FCM_Standard,9,euclidean,1.5,1.0,6,9.667740082833920,0.5765991471369870,0.7738355167394470,1.4146596820363700,0.7331529913427400
pen-based,FCM_Standard,9,euclidean,1.5,1.0,7,24.737287500174700,0.5765991471369870,0.7738355167394470,1.4146596820363700,0.7331529913427400
pen-based,FCM_Standard,9,euclidean,1.5,1.0,8,6.60589679190889,0.5765991471369870,0.7738355167394470,1.414659682036370,0.7331529913427400
pen-based,FCM_Standard,9,euclidean,1.5,1.0,9,6.82910683308728,0.5765991471369870,0.7738355167394470,1.414659682036370,0.7331529913427400
pen-based,FCM_Standard,9,euclidean,2.0,1.0,0,39.535279457923000,0.4188780289649810,0.7489082969432320,1.3798060050356300,0.5950358928190860
pen-based,FCM_Standard,9,euclidean,2.0,1.0,1,40.18710695905610,0.4209062636459370,0.7500909752547310,1.2955296048546200,0.596611953103073
pen-based,FCM_Standard,9,euclidean,2.0,1.0,2,40.040087583940500,0.41927770054241700,0.7490902474526930,1.1961863339825200,0.5952958065997500
pen-based,FCM_Standard,9,euclidean,2.0,1.0,3,40.16981150000360,0.41942511480145600,0.7490902474526930,1.196526237775090,0.5953494693245450
pen-based,FCM_Standard,9,euclidean,2.0,1.0,4,40.14093033410610,0.42981683179907700,0.7213427947598250,1.734764889120490,0.5799539575761550
pen-based,FCM_Standard,9,euclidean,2.0,1.0,5,40.136769332923000,0.4212021570637600,0.7502729257641920,1.3743077407691700,0.5970028020973730
pen-based,FCM_Standard,9,euclidean,2.0,1.0,6,40.04322108300400,0.4188780289649810,0.7489082969432320,1.3798060050356300,0.5950358928190860
pen-based,FCM_Standard,9,euclidean,2.0,1.0,7,40.08989845798350,0.4295457420952820,0.7207969432314410,1.9710174648242600,0.5796544664724580
pen-based,FCM_Standard,9,euclidean,2.0,1.0,8,40.025137125048800,0.41975027520478900,0.7493631732168850,1.3536864529269100,0.5956862461258670
pen-based,FCM_Standard,9,euclidean,2.0,1.0,9,40.24022633396090,0.42080753974529900,0.7502729257641920,1.3157747956312400,0.5968437381425720
pen-based,FCM_Standard,9,euclidean,2.5,1.0,0,3.3971560830250400,0.3186855295780780,0.7462700145560410,2.0467860422159100,0.47757160897109100
pen-based,FCM_Standard,9,euclidean,2.5,1.0,1,3.8202553750015800,0.20645212302516100,0.8177765647743810,2.341266742820090,0.3744028339647350
pen-based,FCM_Standard,9,euclidean,2.5,1.0,2,3.976810500025750,0.23591753751984100,0.7311681222707420,2.9278414957222600,0.4018313540978400
pen-based,FCM_Standard,9,euclidean,2.5,1.0,3,3.9907849999144700,0.2197969933611820,0.7641011644832610,1.565089098674640,0.42051483973438500
pen-based,FCM_Standard,9,euclidean,2.5,1.0,4,3.5522570409812000,0.2451402398022950,0.6766739446870450,2.4059523501594000,0.43839492219404500
pen-based,FCM_Standard,9,euclidean,2.5,1.0,5,4.667873666854580,0.21218712793408000,0.7889374090247450,4.2648841953651600,0.38411324598067500
pen-based,FCM_Standard,9,euclidean,2.5,1.0,6,4.722702416125690,0.11627207257212100,0.806495633187773,2.862863596142400,0.30931095219370300
pen-based,FCM_Standard,9,euclidean,2.5,1.0,7,4.115389709128070,0.24032100547759500,0.723981077147016,2.407768079309790,0.40202309784817500
pen-based,FCM_Standard,9,euclidean,2.5,1.0,8,4.250630166847260,0.2346141927394140,0.7505458515283840,2.0019894459612700,0.4154583919234590
pen-based,FCM_Standard,9,euclidean,2.5,1.0,9,4.394111917121340,0.2654649767891090,0.8132278020378460,3.910959405290890,0.45361219514276400
pen-based,FCM_Standard,10,euclidean,1.5,1.0,0,12.611651290906600,0.5660011848040030,0.7706513828238720,1.3486269137711000,0.7254054362934190
pen-based,FCM_Standard,10,euclidean,1.5,1.0,1,10.501233082963200,0.5598783816985480,0.7295305676855900,1.423269878498120,0.7205918990235270
pen-based,FCM_Standard,10,euclidean,1.5,1.0,2,12.798229875043000,0.6059921569498390,0.7651928675400290,1.4538180535837600,0.7478043134925080
pen-based,FCM_Standard,10,euclidean,1.5,1.0,3,16.12575737480070,0.5598783816985480,0.7295305676855900,1.4232698784981200,0.7205918990235270
pen-based,FCM_Standard,10,euclidean,1.5,1.0,4,12.977110541891300,0.5441419114318800,0.724617903930131,1.4605405676370000,0.7071896267000570
pen-based,FCM_Standard,10,euclidean,1.5,1.0,5,10.807822334114500,0.5598783816985480,0.7295305676855900,1.4232698784981200,0.7205918990235270
pen-based,FCM_Standard,10,euclidean,1.5,1.0,6,11.58737483387810,0.5660009820991420,0.7706513828238720,1.3486689367445500,0.7253712979382610
pen-based,FCM_Standard,10,euclidean,1.5,1.0,7,6.648381041828540,0.5963638037595290,0.7706513828238720,1.367708519755160,0.7622656273849310
pen-based,FCM_Standard,10,euclidean,1.5,1.0,8,11.293647167040000,0.6059921569498390,0.7651928675400290,1.453818053583760,0.7478043134925080
pen-based,FCM_Standard,10,euclidean,1.5,1.0,9,13.596573665970900,0.6059921569498390,0.7651928675400290,1.4538180535837600,0.7478043134925080
pen-based,FCM_Standard,10,euclidean,2.0,1.0,0,34.80303587485110,0.5226696720211770,0.7458151382823870,1.5912695492109100,0.670141258056117
pen-based,FCM_Standard,10,euclidean,2.0,1.0,1,43.67288445797750,0.43657028853587600,0.7237991266375550,1.4408481659404200,0.584124878392422
pen-based,FCM_Standard,10,euclidean,2.0,1.0,2,36.5122713339515,0.4365165941064740,0.7238901018922850,1.355876504604970,0.5841409815038900
pen-based,FCM_Standard,10,euclidean,2.0,1.0,3,35.308892499888300,0.5226696720211770,0.7458151382823870,1.5912695492109100,0.670141258056117
pen-based,FCM_Standard,10,euclidean,2.0,1.0,4,44.283809000160500,0.4370833085549590,0.7241630276564770,1.6693125700843300,0.5844757294471790
pen-based,FCM_Standard,10,euclidean,2.0,1.0,5,41.0417798331473,0.5226696720211770,0.7458151382823870,1.5912695492109100,0.670141258056117
pen-based,FCM_Standard,10,euclidean,2.0,1.0,6,43.642684374935900,0.42018006404933200,0.7498180494905390,1.309773285937730,0.5960616941010000
pen-based,FCM_Standard,10,euclidean,2.0,1.0,7,43.58664191700520,0.43660066986821200,0.723981077147016,1.613146953821790,0.5842266789257900
pen-based,FCM_Standard,10,euclidean,2.0,1.0,8,44.23582841595640,0.436708150976143,0.723981077147016,1.5307169183774200,0.5842496125816360
pen-based,FCM_Standard,10,euclidean,2.0,1.0,9,44.22932904213670,0.4370833085549590,0.7241630276564770,1.6693125700843300,0.5844757294471790
pen-based,FCM_Standard,10,euclidean,2.5,1.0,0,4.205900999950250,0.18524549190687700,0.7324417758369720,2.181129296354150,0.3861687392401060
pen-based,FCM_Standard,10,euclidean,2.5,1.0,1,4.3615019579883700,0.23175290701375400,0.7251637554585150,2.869482301438100,0.42346508564559100
pen-based,FCM_Standard,10,euclidean,2.5,1.0,2,4.053671292029320,0.2803991583313940,0.7527292576419210,2.0089299756437000,0.4643640994500940
pen-based,FCM_Standard,10,euclidean,2.5,1.0,3,4.862913167104130,0.12507031612990800,0.7569141193595340,2.356280382567380,0.3337684128536800
pen-based,FCM_Standard,10,euclidean,2.5,1.0,4,3.9051828749943500,0.211428513871719,0.7539119359534210,2.539530060383250,0.3831391737455170
pen-based,FCM_Standard,10,euclidean,2.5,1.0,5,4.235150624997910,0.11202957837647700,0.8041302765647740,3.0313279682179100,0.2956437600464730
pen-based,FCM_Standard,10,euclidean,2.5,1.0,6,5.14813091699034,0.1785919000576750,0.7475436681222710,4.127246401551860,0.3568204006865150
pen-based,FCM_Standard,10,euclidean,2.5,1.0,7,4.830076790880410,0.11910805808173400,0.7825691411935950,2.5655251173255300,0.3090284694384180
pen-based,FCM_Standard,10,euclidean,2.5,1.0,8,4.371379292104390,0.16555668999840100,0.7846615720524020,2.0395848406105800,0.35294556036027700
pen-based,FCM_Standard,10,euclidean,2.5,1.0,9,4.530241250060500,0.23533197712658600,0.6878639010189230,2.5727946448296700,0.4263858355071000