dataset,algorithm,n_components,init_params,runtime_sec,bic,avg_log_likelihood,run_id,runtime,ari,purity,davies_bouldin,f_measure
pen-based,GaussianMixture,2,kmeans,0.06084683258086443,-146335.59110207454,6.7855527939176445,0,0.06093833362683654,0.11173768853451616,0.20633187772925765,1.7737390415304037,0.29426981983167466
pen-based,GaussianMixture,2,kmeans,0.04180108290165663,-146335.59110207454,6.7855527939176445,1,0.04185545910149813,0.11173768853451616,0.20633187772925765,1.7737390415304037,0.29426981983167466
pen-based,GaussianMixture,2,kmeans,0.04075541580095887,-146335.59110207454,6.7855527939176445,2,0.04082816606387496,0.11173768853451616,0.20633187772925765,1.7737390415304037,0.29426981983167466
pen-based,GaussianMixture,2,kmeans,0.042387917172163725,-146335.59110207454,6.7855527939176445,3,0.04243104066699743,0.11173768853451616,0.20633187772925765,1.7737390415304037,0.29426981983167466
pen-based,GaussianMixture,2,kmeans,0.04054508311673999,-146335.59110207454,6.7855527939176445,4,0.040587916038930416,0.11173768853451616,0.20633187772925765,1.7737390415304037,0.29426981983167466
pen-based,GaussianMixture,2,kmeans,0.03950429195538163,-146335.59110207454,6.7855527939176445,5,0.039548374712467194,0.11173768853451616,0.20633187772925765,1.7737390415304037,0.29426981983167466
pen-based,GaussianMixture,2,kmeans,0.040783791802823544,-146335.59110207454,6.7855527939176445,6,0.040825583040714264,0.11173768853451616,0.20633187772925765,1.7737390415304037,0.29426981983167466
pen-based,GaussianMixture,2,kmeans,0.039898999966681004,-146335.59110207454,6.7855527939176445,7,0.03993291687220335,0.11173768853451616,0.20633187772925765,1.7737390415304037,0.29426981983167466
pen-based,GaussianMixture,2,kmeans,0.03936162497848272,-146335.59110207454,6.7855527939176445,8,0.039394875057041645,0.11173768853451616,0.20633187772925765,1.7737390415304037,0.29426981983167466
pen-based,GaussianMixture,2,kmeans,0.04049508320167661,-146335.59110207454,6.7855527939176445,9,0.04052741685882211,0.11173768853451616,0.20633187772925765,1.7737390415304037,0.29426981983167466
pen-based,GaussianMixture,2,random,0.08390062535181642,-150555.84317461288,6.977522047581142,0,0.08394029177725315,0.1369286603443735,0.2059679767103348,1.8744380594872272,0.3125379058984601
pen-based,GaussianMixture,2,random,0.08365570800378919,-150555.84317461288,6.977522047581142,1,0.08368791732937098,0.1369286603443735,0.2059679767103348,1.8744380594872272,0.3125379058984601
pen-based,GaussianMixture,2,random,0.07818600023165345,-150555.84317461288,6.977522047581142,2,0.078231249935925,0.1369286603443735,0.2059679767103348,1.8744380594872272,0.3125379058984601
pen-based,GaussianMixture,2,random,0.07801041705533862,-150555.84317461288,6.977522047581142,3,0.07803883403539658,0.1369286603443735,0.2059679767103348,1.8744380594872272,0.3125379058984601
pen-based,GaussianMixture,2,random,0.07915008394047618,-150555.84317461288,6.977522047581142,4,0.07919433386996388,0.1369286603443735,0.2059679767103348,1.8744380594872272,0.3125379058984601
pen-based,GaussianMixture,2,random,0.07973666721954942,-150555.84317461288,6.977522047581142,5,0.07977566635236144,0.1369286603443735,0.2059679767103348,1.8744380594872272,0.3125379058984601
pen-based,GaussianMixture,2,random,0.08510333392769098,-150555.84317461288,6.977522047581142,6,0.0851328750140965,0.1369286603443735,0.2059679767103348,1.8744380594872272,0.3125379058984601
pen-based,GaussianMixture,2,random,0.07858079159632325,-150555.84317461288,6.977522047581142,7,0.07861566683277488,0.1369286603443735,0.2059679767103348,1.8744380594872272,0.3125379058984601
pen-based,GaussianMixture,2,random,0.07967841578647494,-150555.84317461288,6.977522047581142,8,0.07970841694623232,0.1369286603443735,0.2059679767103348,1.8744380594872272,0.3125379058984601
pen-based,GaussianMixture,2,random,0.07856037514284253,-150555.84317461288,6.977522047581142,9,0.07858862495049834,0.1369286603443735,0.2059679767103348,1.8744380594872272,0.3125379058984601
pen-based,GaussianMixture,2,k-means++,0.09800916677340865,-147624.8330189031,6.84419734981414,0,0.09805170819163322,0.10759628705567624,0.20624090247452692,1.7643477379829002,0.29318106237724706
pen-based,GaussianMixture,2,k-means++,0.09924583276733756,-147624.8330189031,6.84419734981414,1,0.09927395824342966,0.10759628705567624,0.20624090247452692,1.7643477379829002,0.29318106237724706
pen-based,GaussianMixture,2,k-means++,0.09652474988251925,-147624.8330189031,6.84419734981414,2,0.09656012523919344,0.10759628705567624,0.20624090247452692,1.7643477379829002,0.29318106237724706
pen-based,GaussianMixture,2,k-means++,0.09958679229021072,-147624.8330189031,6.84419734981414,3,0.09968366613611579,0.10759628705567624,0.20624090247452692,1.7643477379829002,0.29318106237724706
pen-based,GaussianMixture,2,k-means++,0.09673687489703298,-147624.8330189031,6.84419734981414,4,0.09677399974316359,0.10759628705567624,0.20624090247452692,1.7643477379829002,0.29318106237724706
pen-based,GaussianMixture,2,k-means++,0.09838504204526544,-147624.8330189031,6.84419734981414,5,0.09841704135760665,0.10759628705567624,0.20624090247452692,1.7643477379829002,0.29318106237724706
pen-based,GaussianMixture,2,k-means++,0.09719912521541119,-147624.8330189031,6.84419734981414,6,0.09724283311516047,0.10759628705567624,0.20624090247452692,1.7643477379829002,0.29318106237724706
pen-based,GaussianMixture,2,k-means++,0.09815354226157069,-147624.8330189031,6.84419734981414,7,0.09818199975416064,0.10759628705567624,0.20624090247452692,1.7643477379829002,0.29318106237724706
pen-based,GaussianMixture,2,k-means++,0.09998891595751047,-147624.8330189031,6.84419734981414,8,0.10002962499856949,0.10759628705567624,0.20624090247452692,1.7643477379829002,0.29318106237724706
pen-based,GaussianMixture,2,k-means++,0.09751037508249283,-147624.8330189031,6.84419734981414,9,0.09754549991339445,0.10759628705567624,0.20624090247452692,1.7643477379829002,0.29318106237724706
pen-based,GaussianMixture,2,random_from_data,0.031568999867886305,-149756.46717161036,6.941160329831756,0,0.03160454239696264,0.14367145845653456,0.2074235807860262,2.009447440546791,0.30322192760001715
pen-based,GaussianMixture,2,random_from_data,0.03327870927751064,-149756.46717161036,6.941160329831756,1,0.033309292048215866,0.14367145845653456,0.2074235807860262,2.009447440546791,0.30322192760001715
pen-based,GaussianMixture,2,random_from_data,0.031940000131726265,-149756.46717161036,6.941160329831756,2,0.03198354132473469,0.14367145845653456,0.2074235807860262,2.009447440546791,0.30322192760001715
pen-based,GaussianMixture,2,random_from_data,0.03174162469804287,-149756.46717161036,6.941160329831756,3,0.03176987497135997,0.14367145845653456,0.2074235807860262,2.009447440546791,0.30322192760001715
pen-based,GaussianMixture,2,random_from_data,0.031883875373750925,-149756.46717161036,6.941160329831756,4,0.03191604092717171,0.14367145845653456,0.2074235807860262,2.009447440546791,0.30322192760001715
pen-based,GaussianMixture,2,random_from_data,0.031871375162154436,-149756.46717161036,6.941160329831756,5,0.03189849993214011,0.14367145845653456,0.2074235807860262,2.009447440546791,0.30322192760001715
pen-based,GaussianMixture,2,random_from_data,0.030932292342185974,-149756.46717161036,6.941160329831756,6,0.030979750212281942,0.14367145845653456,0.2074235807860262,2.009447440546791,0.30322192760001715
pen-based,GaussianMixture,2,random_from_data,0.031461375299841166,-149756.46717161036,6.941160329831756,7,0.03148904116824269,0.14367145845653456,0.2074235807860262,2.009447440546791,0.30322192760001715
pen-based,GaussianMixture,2,random_from_data,0.03204670920968056,-149756.46717161036,6.941160329831756,8,0.03208849998190999,0.14367145845653456,0.2074235807860262,2.009447440546791,0.30322192760001715
pen-based,GaussianMixture,2,random_from_data,0.03141400031745434,-149756.46717161036,6.941160329831756,9,0.031451167073100805,0.14367145845653456,0.2074235807860262,2.009447440546791,0.30322192760001715
pen-based,GaussianMixture,3,kmeans,0.06428387481719255,-186591.19313867597,8.681443225950675,0,0.06431841710582376,0.19202427947841522,0.3069505094614265,1.4302738256245402,0.3888271343972258
pen-based,GaussianMixture,3,kmeans,0.060210040770471096,-186591.19313867597,8.681443225950675,1,0.060244624968618155,0.19202427947841522,0.3069505094614265,1.4302738256245402,0.3888271343972258
pen-based,GaussianMixture,3,kmeans,0.05986666679382324,-186591.19313867597,8.681443225950675,2,0.05990012502297759,0.19202427947841522,0.3069505094614265,1.4302738256245402,0.3888271343972258
pen-based,GaussianMixture,3,kmeans,0.06097787478938699,-186591.19313867597,8.681443225950675,3,0.06100795790553093,0.19202427947841522,0.3069505094614265,1.4302738256245402,0.3888271343972258
pen-based,GaussianMixture,3,kmeans,0.060502332635223866,-186591.19313867597,8.681443225950675,4,0.060545291285961866,0.19202427947841522,0.3069505094614265,1.4302738256245402,0.3888271343972258
pen-based,GaussianMixture,3,kmeans,0.06108604185283184,-186591.19313867597,8.681443225950675,5,0.06112079182639718,0.19202427947841522,0.3069505094614265,1.4302738256245402,0.3888271343972258
pen-based,GaussianMixture,3,kmeans,0.061328708194196224,-186591.19313867597,8.681443225950675,6,0.061367958318442106,0.19202427947841522,0.3069505094614265,1.4302738256245402,0.3888271343972258
pen-based,GaussianMixture,3,kmeans,0.060939875431358814,-186591.19313867597,8.681443225950675,7,0.06097337510436773,0.19202427947841522,0.3069505094614265,1.4302738256245402,0.3888271343972258
pen-based,GaussianMixture,3,kmeans,0.060695457737892866,-186591.19313867597,8.681443225950675,8,0.06072862492874265,0.19202427947841522,0.3069505094614265,1.4302738256245402,0.3888271343972258
pen-based,GaussianMixture,3,kmeans,0.06059962511062622,-186591.19313867597,8.681443225950675,9,0.06063720863312483,0.19202427947841522,0.3069505094614265,1.4302738256245402,0.3888271343972258
pen-based,GaussianMixture,3,random,0.07133941631764174,-182020.46162648287,8.473531494136942,0,0.07136979093775153,0.24391822355769,0.298853711790393,4.514621205252572,0.399533172759447
pen-based,GaussianMixture,3,random,0.06952229188755155,-182020.46162648287,8.473531494136942,1,0.06956308288499713,0.24391822355769,0.298853711790393,4.514621205252572,0.399533172759447
pen-based,GaussianMixture,3,random,0.06662816694006324,-182020.46162648287,8.473531494136942,2,0.06667162477970123,0.24391822355769,0.298853711790393,4.514621205252572,0.399533172759447
pen-based,GaussianMixture,3,random,0.0663798339664936,-182020.46162648287,8.473531494136942,3,0.066407292149961,0.24391822355769,0.298853711790393,4.514621205252572,0.399533172759447
pen-based,GaussianMixture,3,random,0.06536241620779037,-182020.46162648287,8.473531494136942,4,0.06540916673839092,0.24391822355769,0.298853711790393,4.514621205252572,0.399533172759447
pen-based,GaussianMixture,3,random,0.0664079999551177,-182020.46162648287,8.473531494136942,5,0.06643950007855892,0.24391822355769,0.298853711790393,4.514621205252572,0.399533172759447
pen-based,GaussianMixture,3,random,0.06647895881906152,-182020.46162648287,8.473531494136942,6,0.06651879195123911,0.24391822355769,0.298853711790393,4.514621205252572,0.399533172759447
pen-based,GaussianMixture,3,random,0.06613533291965723,-182020.46162648287,8.473531494136942,7,0.06616970896720886,0.24391822355769,0.298853711790393,4.514621205252572,0.399533172759447
pen-based,GaussianMixture,3,random,0.06591200036928058,-182020.46162648287,8.473531494136942,8,0.0659563341178,0.24391822355769,0.298853711790393,4.514621205252572,0.399533172759447
pen-based,GaussianMixture,3,random,0.0661348751746118,-182020.46162648287,8.473531494136942,9,0.06616241671144962,0.24391822355769,0.298853711790393,4.514621205252572,0.399533172759447
pen-based,GaussianMixture,3,k-means++,0.049676500260829926,-188424.77232522954,8.764848392733498,0,0.049722333904355764,0.23955700643325267,0.3063136826783115,1.7114407972872512,0.3977771163369771
pen-based,GaussianMixture,3,k-means++,0.05075237527489662,-188424.77232522954,8.764848392733498,1,0.05078200018033385,0.23955700643325267,0.3063136826783115,1.7114407972872512,0.3977771163369771
pen-based,GaussianMixture,3,k-means++,0.050388624891638756,-188424.77232522954,8.764848392733498,2,0.050422416999936104,0.23955700643325267,0.3063136826783115,1.7114407972872512,0.3977771163369771
pen-based,GaussianMixture,3,k-means++,0.05065408395603299,-188424.77232522954,8.764848392733498,3,0.050687708891928196,0.23955700643325267,0.3063136826783115,1.7114407972872512,0.3977771163369771
pen-based,GaussianMixture,3,k-means++,0.05037862481549382,-188424.77232522954,8.764848392733498,4,0.05040912516415119,0.23955700643325267,0.3063136826783115,1.7114407972872512,0.3977771163369771
pen-based,GaussianMixture,3,k-means++,0.04991299984976649,-188424.77232522954,8.764848392733498,5,0.04994604177772999,0.23955700643325267,0.3063136826783115,1.7114407972872512,0.3977771163369771
pen-based,GaussianMixture,3,k-means++,0.04915704112499952,-188424.77232522954,8.764848392733498,6,0.049187458120286465,0.23955700643325267,0.3063136826783115,1.7114407972872512,0.3977771163369771
pen-based,GaussianMixture,3,k-means++,0.05013866722583771,-188424.77232522954,8.764848392733498,7,0.05016725044697523,0.23955700643325267,0.3063136826783115,1.7114407972872512,0.3977771163369771
pen-based,GaussianMixture,3,k-means++,0.05085716722533107,-188424.77232522954,8.764848392733498,8,0.05089141707867384,0.23955700643325267,0.3063136826783115,1.7114407972872512,0.3977771163369771
pen-based,GaussianMixture,3,k-means++,0.05028883274644613,-188424.77232522954,8.764848392733498,9,0.05031762504950166,0.23955700643325267,0.3063136826783115,1.7114407972872512,0.3977771163369771
pen-based,GaussianMixture,3,random_from_data,0.060477124992758036,-188485.3288159105,8.767602963816147,0,0.06050729099661112,0.22206219999925664,0.3097707423580786,2.0926549785293123,0.3877689156796362
pen-based,GaussianMixture,3,random_from_data,0.06185483420267701,-188485.3288159105,8.767602963816147,1,0.06188366608694196,0.22206219999925664,0.3097707423580786,2.0926549785293123,0.3877689156796362
pen-based,GaussianMixture,3,random_from_data,0.06026662513613701,-188485.3288159105,8.767602963816147,2,0.06030641682446003,0.22206219999925664,0.3097707423580786,2.0926549785293123,0.3877689156796362
pen-based,GaussianMixture,3,random_from_data,0.060525041073560715,-188485.3288159105,8.767602963816147,3,0.06055629113689065,0.22206219999925664,0.3097707423580786,2.0926549785293123,0.3877689156796362
pen-based,GaussianMixture,3,random_from_data,0.05955325020477176,-188485.3288159105,8.767602963816147,4,0.05960033414885402,0.22206219999925664,0.3097707423580786,2.0926549785293123,0.3877689156796362
pen-based,GaussianMixture,3,random_from_data,0.058916457928717136,-188485.3288159105,8.767602963816147,5,0.058950042352080345,0.22206219999925664,0.3097707423580786,2.0926549785293123,0.3877689156796362
pen-based,GaussianMixture,3,random_from_data,0.060038208961486816,-188485.3288159105,8.767602963816147,6,0.060074790846556425,0.22206219999925664,0.3097707423580786,2.0926549785293123,0.3877689156796362
pen-based,GaussianMixture,3,random_from_data,0.060032875277101994,-188485.3288159105,8.767602963816147,7,0.060061332769691944,0.22206219999925664,0.3097707423580786,2.0926549785293123,0.3877689156796362
pen-based,GaussianMixture,3,random_from_data,0.060049792286008596,-188485.3288159105,8.767602963816147,8,0.06009241612628102,0.22206219999925664,0.3097707423580786,2.0926549785293123,0.3877689156796362
pen-based,GaussianMixture,3,random_from_data,0.05920508271083236,-188485.3288159105,8.767602963816147,9,0.059232791885733604,0.22206219999925664,0.3097707423580786,2.0926549785293123,0.3877689156796362
pen-based,GaussianMixture,4,kmeans,0.12507441686466336,-220430.45807653485,10.285469706985591,0,0.1251155841164291,0.3301846070230191,0.39783478893740903,1.5835263911182427,0.49030252502997496
pen-based,GaussianMixture,4,kmeans,0.11950533324852586,-220430.45807653485,10.285469706985591,1,0.11953808413818479,0.3301846070230191,0.39783478893740903,1.5835263911182427,0.49030252502997496
pen-based,GaussianMixture,4,kmeans,0.11916270758956671,-220430.45807653485,10.285469706985591,2,0.11920183384791017,0.3301846070230191,0.39783478893740903,1.5835263911182427,0.49030252502997496
pen-based,GaussianMixture,4,kmeans,0.12010045908391476,-220430.45807653485,10.285469706985591,3,0.12013983260840178,0.3301846070230191,0.39783478893740903,1.5835263911182427,0.49030252502997496
pen-based,GaussianMixture,4,kmeans,0.12107083294540644,-220430.45807653485,10.285469706985591,4,0.12111145909875631,0.3301846070230191,0.39783478893740903,1.5835263911182427,0.49030252502997496
pen-based,GaussianMixture,4,kmeans,0.11975758289918303,-220430.45807653485,10.285469706985591,5,0.1197901670821011,0.3301846070230191,0.39783478893740903,1.5835263911182427,0.49030252502997496
pen-based,GaussianMixture,4,kmeans,0.12393858283758163,-220430.45807653485,10.285469706985591,6,0.1239791251718998,0.3301846070230191,0.39783478893740903,1.5835263911182427,0.49030252502997496
pen-based,GaussianMixture,4,kmeans,0.1184615409001708,-220430.45807653485,10.285469706985591,7,0.11850129207596183,0.3301846070230191,0.39783478893740903,1.5835263911182427,0.49030252502997496
pen-based,GaussianMixture,4,kmeans,0.12161433370783925,-220430.45807653485,10.285469706985591,8,0.12165433401241899,0.3301846070230191,0.39783478893740903,1.5835263911182427,0.49030252502997496
pen-based,GaussianMixture,4,kmeans,0.1184597909450531,-220430.45807653485,10.285469706985591,9,0.11848991690203547,0.3301846070230191,0.39783478893740903,1.5835263911182427,0.49030252502997496
pen-based,GaussianMixture,4,random,0.11160162510350347,-218664.68894592664,10.205149058759234,0,0.1116322916932404,0.3371836427627508,0.39737991266375544,2.944754966401516,0.49103911602582456
pen-based,GaussianMixture,4,random,0.10605179192498326,-218664.68894592664,10.205149058759234,1,0.10608070809394121,0.3371836427627508,0.39737991266375544,2.944754966401516,0.49103911602582456
pen-based,GaussianMixture,4,random,0.10586554137989879,-218664.68894592664,10.205149058759234,2,0.10591066675260663,0.3371836427627508,0.39737991266375544,2.944754966401516,0.49103911602582456
pen-based,GaussianMixture,4,random,0.10300754196941853,-218664.68894592664,10.205149058759234,3,0.10305000003427267,0.3371836427627508,0.39737991266375544,2.944754966401516,0.49103911602582456
pen-based,GaussianMixture,4,random,0.10580474976450205,-218664.68894592664,10.205149058759234,4,0.10584404086694121,0.3371836427627508,0.39737991266375544,2.944754966401516,0.49103911602582456
pen-based,GaussianMixture,4,random,0.10695629194378853,-218664.68894592664,10.205149058759234,5,0.10699945921078324,0.3371836427627508,0.39737991266375544,2.944754966401516,0.49103911602582456
pen-based,GaussianMixture,4,random,0.10634912503883243,-218664.68894592664,10.205149058759234,6,0.106391541659832,0.3371836427627508,0.39737991266375544,2.944754966401516,0.49103911602582456
pen-based,GaussianMixture,4,random,0.10544991586357355,-218664.68894592664,10.205149058759234,7,0.10547891724854708,0.3371836427627508,0.39737991266375544,2.944754966401516,0.49103911602582456
pen-based,GaussianMixture,4,random,0.10308000026270747,-218664.68894592664,10.205149058759234,8,0.10311208292841911,0.3371836427627508,0.39737991266375544,2.944754966401516,0.49103911602582456
pen-based,GaussianMixture,4,random,0.1061316248960793,-218664.68894592664,10.205149058759234,9,0.10616429103538394,0.3371836427627508,0.39737991266375544,2.944754966401516,0.49103911602582456
pen-based,GaussianMixture,4,k-means++,0.15061395801603794,-216715.806759302,10.116499032075073,0,0.15064941719174385,0.3062289461279561,0.3673580786026201,1.5909344981870988,0.47690069227896953
pen-based,GaussianMixture,4,k-means++,0.15231358399614692,-216715.806759302,10.116499032075073,1,0.15234429109841585,0.3062289461279561,0.3673580786026201,1.5909344981870988,0.47690069227896953
pen-based,GaussianMixture,4,k-means++,0.1523563750088215,-216715.806759302,10.116499032075073,2,0.1523910416290164,0.3062289461279561,0.3673580786026201,1.5909344981870988,0.47690069227896953
pen-based,GaussianMixture,4,k-means++,0.15129212476313114,-216715.806759302,10.116499032075073,3,0.1513241669163108,0.3062289461279561,0.3673580786026201,1.5909344981870988,0.47690069227896953
pen-based,GaussianMixture,4,k-means++,0.15173429064452648,-216715.806759302,10.116499032075073,4,0.15177424997091293,0.3062289461279561,0.3673580786026201,1.5909344981870988,0.47690069227896953
pen-based,GaussianMixture,4,k-means++,0.1523960828781128,-216715.806759302,10.116499032075073,5,0.1524324589408934,0.3062289461279561,0.3673580786026201,1.5909344981870988,0.47690069227896953
pen-based,GaussianMixture,4,k-means++,0.15026608342304826,-216715.806759302,10.116499032075073,6,0.15029924968257546,0.3062289461279561,0.3673580786026201,1.5909344981870988,0.47690069227896953
pen-based,GaussianMixture,4,k-means++,0.14864420797675848,-216715.806759302,10.116499032075073,7,0.14867591578513384,0.3062289461279561,0.3673580786026201,1.5909344981870988,0.47690069227896953
pen-based,GaussianMixture,4,k-means++,0.14978308323770761,-216715.806759302,10.116499032075073,8,0.1498288749717176,0.3062289461279561,0.3673580786026201,1.5909344981870988,0.47690069227896953
pen-based,GaussianMixture,4,k-means++,0.15202187513932586,-216715.806759302,10.116499032075073,9,0.15205587493255734,0.3062289461279561,0.3673580786026201,1.5909344981870988,0.47690069227896953
pen-based,GaussianMixture,4,random_from_data,0.07191829197108746,-204304.69641217828,9.551947069414785,0,0.07195541681721807,0.3377565629767944,0.4086608442503639,1.8467303836100457,0.4879919716958027
pen-based,GaussianMixture,4,random_from_data,0.07489624992012978,-204304.69641217828,9.551947069414785,1,0.07492820778861642,0.3377565629767944,0.4086608442503639,1.8467303836100457,0.4879919716958027
pen-based,GaussianMixture,4,random_from_data,0.07224195823073387,-204304.69641217828,9.551947069414785,2,0.07228154176846147,0.3377565629767944,0.4086608442503639,1.8467303836100457,0.4879919716958027
pen-based,GaussianMixture,4,random_from_data,0.07115270802751184,-204304.69641217828,9.551947069414785,3,0.07118104211986065,0.3377565629767944,0.4086608442503639,1.8467303836100457,0.4879919716958027
pen-based,GaussianMixture,4,random_from_data,0.07114345766603947,-204304.69641217828,9.551947069414785,4,0.07118095783516765,0.3377565629767944,0.4086608442503639,1.8467303836100457,0.4879919716958027
pen-based,GaussianMixture,4,random_from_data,0.07160825002938509,-204304.69641217828,9.551947069414785,5,0.07163658272475004,0.3377565629767944,0.4086608442503639,1.8467303836100457,0.4879919716958027
pen-based,GaussianMixture,4,random_from_data,0.07333137514069676,-204304.69641217828,9.551947069414785,6,0.07337100012227893,0.3377565629767944,0.4086608442503639,1.8467303836100457,0.4879919716958027
pen-based,GaussianMixture,4,random_from_data,0.07358754193410277,-204304.69641217828,9.551947069414785,7,0.073616708163172,0.3377565629767944,0.4086608442503639,1.8467303836100457,0.4879919716958027
pen-based,GaussianMixture,4,random_from_data,0.07172725023701787,-204304.69641217828,9.551947069414785,8,0.07176033360883594,0.3377565629767944,0.4086608442503639,1.8467303836100457,0.4879919716958027
pen-based,GaussianMixture,4,random_from_data,0.07027612486854196,-204304.69641217828,9.551947069414785,9,0.07030762499198318,0.3377565629767944,0.4086608442503639,1.8467303836100457,0.4879919716958027
pen-based,GaussianMixture,5,kmeans,0.11423520790413022,-242639.88835633933,11.360482602774217,0,0.1142745828256011,0.4015813453662816,0.4827147016011645,1.518289284051388,0.5819786016318951
pen-based,GaussianMixture,5,kmeans,0.11514620902016759,-242639.88835633933,11.360482602774217,1,0.11517929192632437,0.4015813453662816,0.4827147016011645,1.518289284051388,0.5819786016318951
pen-based,GaussianMixture,5,kmeans,0.1165793752297759,-242639.88835633933,11.360482602774217,2,0.11660991702228785,0.4015813453662816,0.4827147016011645,1.518289284051388,0.5819786016318951
pen-based,GaussianMixture,5,kmeans,0.11586925014853477,-242639.88835633933,11.360482602774217,3,0.11590995918959379,0.4015813453662816,0.4827147016011645,1.518289284051388,0.5819786016318951
pen-based,GaussianMixture,5,kmeans,0.11769891669973731,-242639.88835633933,11.360482602774217,4,0.11772958282381296,0.4015813453662816,0.4827147016011645,1.518289284051388,0.5819786016318951
pen-based,GaussianMixture,5,kmeans,0.11413316708058119,-242639.88835633933,11.360482602774217,5,0.11416579131036997,0.4015813453662816,0.4827147016011645,1.518289284051388,0.5819786016318951
pen-based,GaussianMixture,5,kmeans,0.11789887491613626,-242639.88835633933,11.360482602774217,6,0.11793229123577476,0.4015813453662816,0.4827147016011645,1.518289284051388,0.5819786016318951
pen-based,GaussianMixture,5,kmeans,0.11731212493032217,-242639.88835633933,11.360482602774217,7,0.11734925024211407,0.4015813453662816,0.4827147016011645,1.518289284051388,0.5819786016318951
pen-based,GaussianMixture,5,kmeans,0.11926558380946517,-242639.88835633933,11.360482602774217,8,0.11930420808494091,0.4015813453662816,0.4827147016011645,1.518289284051388,0.5819786016318951
pen-based,GaussianMixture,5,kmeans,0.11747887497767806,-242639.88835633933,11.360482602774217,9,0.11750979162752628,0.4015813453662816,0.4827147016011645,1.518289284051388,0.5819786016318951
pen-based,GaussianMixture,5,random,0.24235749989748,-232920.54290539684,10.918372638666572,0,0.24239904200658202,0.41158652148979213,0.4855349344978166,2.6618822242446347,0.5360959220516682
pen-based,GaussianMixture,5,random,0.2376377498731017,-232920.54290539684,10.918372638666572,1,0.23766866698861122,0.41158652148979213,0.4855349344978166,2.6618822242446347,0.5360959220516682
pen-based,GaussianMixture,5,random,0.23875587480142713,-232920.54290539684,10.918372638666572,2,0.23879550024867058,0.41158652148979213,0.4855349344978166,2.6618822242446347,0.5360959220516682
pen-based,GaussianMixture,5,random,0.24088479205965996,-232920.54290539684,10.918372638666572,3,0.2409216254018247,0.41158652148979213,0.4855349344978166,2.6618822242446347,0.5360959220516682
pen-based,GaussianMixture,5,random,0.24351625004783273,-232920.54290539684,10.918372638666572,4,0.24355595838278532,0.41158652148979213,0.4855349344978166,2.6618822242446347,0.5360959220516682
pen-based,GaussianMixture,5,random,0.24028000002726912,-232920.54290539684,10.918372638666572,5,0.24031100003048778,0.41158652148979213,0.4855349344978166,2.6618822242446347,0.5360959220516682
pen-based,GaussianMixture,5,random,0.2402175827883184,-232920.54290539684,10.918372638666572,6,0.24025312485173345,0.41158652148979213,0.4855349344978166,2.6618822242446347,0.5360959220516682
pen-based,GaussianMixture,5,random,0.23822541674599051,-232920.54290539684,10.918372638666572,7,0.23825716692954302,0.41158652148979213,0.4855349344978166,2.6618822242446347,0.5360959220516682
pen-based,GaussianMixture,5,random,0.2420287081040442,-232920.54290539684,10.918372638666572,8,0.24205924989655614,0.41158652148979213,0.4855349344978166,2.6618822242446347,0.5360959220516682
pen-based,GaussianMixture,5,random,0.2366249170154333,-232920.54290539684,10.918372638666572,9,0.2366611249744892,0.41158652148979213,0.4855349344978166,2.6618822242446347,0.5360959220516682
pen-based,GaussianMixture,5,k-means++,0.08285091631114483,-236259.080125602,11.070234775684638,0,0.08288391586393118,0.36087104000248615,0.4795305676855895,1.4021176331782539,0.5530961154541779
pen-based,GaussianMixture,5,k-means++,0.08575320802628994,-236259.080125602,11.070234775684638,1,0.0857822080142796,0.36087104000248615,0.4795305676855895,1.4021176331782539,0.5530961154541779
pen-based,GaussianMixture,5,k-means++,0.08480999991297722,-236259.080125602,11.070234775684638,2,0.08484104182571173,0.36087104000248615,0.4795305676855895,1.4021176331782539,0.5530961154541779
pen-based,GaussianMixture,5,k-means++,0.08282399969175458,-236259.080125602,11.070234775684638,3,0.08285133261233568,0.36087104000248615,0.4795305676855895,1.4021176331782539,0.5530961154541779
pen-based,GaussianMixture,5,k-means++,0.08486979175359011,-236259.080125602,11.070234775684638,4,0.08490370865911245,0.36087104000248615,0.4795305676855895,1.4021176331782539,0.5530961154541779
pen-based,GaussianMixture,5,k-means++,0.08485333295539021,-236259.080125602,11.070234775684638,5,0.08488145796582103,0.36087104000248615,0.4795305676855895,1.4021176331782539,0.5530961154541779
pen-based,GaussianMixture,5,k-means++,0.08470595814287663,-236259.080125602,11.070234775684638,6,0.0847499999217689,0.36087104000248615,0.4795305676855895,1.4021176331782539,0.5530961154541779
pen-based,GaussianMixture,5,k-means++,0.08326729200780392,-236259.080125602,11.070234775684638,7,0.08329829201102257,0.36087104000248615,0.4795305676855895,1.4021176331782539,0.5530961154541779
pen-based,GaussianMixture,5,k-means++,0.08436237461864948,-236259.080125602,11.070234775684638,8,0.08439429104328156,0.36087104000248615,0.4795305676855895,1.4021176331782539,0.5530961154541779
pen-based,GaussianMixture,5,k-means++,0.08450129209086299,-236259.080125602,11.070234775684638,9,0.08452929090708494,0.36087104000248615,0.4795305676855895,1.4021176331782539,0.5530961154541779
pen-based,GaussianMixture,5,random_from_data,0.23620362533256412,-240020.81126963993,11.241347000213292,0,0.23623512499034405,0.4067637910445162,0.4964519650655022,1.3268676794256986,0.5727956409964914
pen-based,GaussianMixture,5,random_from_data,0.2336268750950694,-240020.81126963993,11.241347000213292,1,0.23365758312866092,0.4067637910445162,0.4964519650655022,1.3268676794256986,0.5727956409964914
pen-based,GaussianMixture,5,random_from_data,0.23494470911100507,-240020.81126963993,11.241347000213292,2,0.23498925007879734,0.4067637910445162,0.4964519650655022,1.3268676794256986,0.5727956409964914
pen-based,GaussianMixture,5,random_from_data,0.23501891596242785,-240020.81126963993,11.241347000213292,3,0.23505120817571878,0.4067637910445162,0.4964519650655022,1.3268676794256986,0.5727956409964914
pen-based,GaussianMixture,5,random_from_data,0.23488195799291134,-240020.81126963993,11.241347000213292,4,0.23491770820692182,0.4067637910445162,0.4964519650655022,1.3268676794256986,0.5727956409964914
pen-based,GaussianMixture,5,random_from_data,0.23342250008136034,-240020.81126963993,11.241347000213292,5,0.23345108283683658,0.4067637910445162,0.4964519650655022,1.3268676794256986,0.5727956409964914
pen-based,GaussianMixture,5,random_from_data,0.23651029216125607,-240020.81126963993,11.241347000213292,6,0.23653999995440245,0.4067637910445162,0.4964519650655022,1.3268676794256986,0.5727956409964914
pen-based,GaussianMixture,5,random_from_data,0.23849741695448756,-240020.81126963993,11.241347000213292,7,0.23853050032630563,0.4067637910445162,0.4964519650655022,1.3268676794256986,0.5727956409964914
pen-based,GaussianMixture,5,random_from_data,0.23371058283373713,-240020.81126963993,11.241347000213292,8,0.23374045826494694,0.4067637910445162,0.4964519650655022,1.3268676794256986,0.5727956409964914
pen-based,GaussianMixture,5,random_from_data,0.2333177076652646,-240020.81126963993,11.241347000213292,9,0.2333524157293141,0.4067637910445162,0.4964519650655022,1.3268676794256986,0.5727956409964914
pen-based,GaussianMixture,6,kmeans,0.1435067909769714,-262075.42390581817,12.309317608719066,0,0.14354529231786728,0.4442199413141015,0.5751455604075691,1.3396586132135024,0.6468275979197746
pen-based,GaussianMixture,6,kmeans,0.1390741248615086,-262075.42390581817,12.309317608719066,1,0.1391102080233395,0.4442199413141015,0.5751455604075691,1.3396586132135024,0.6468275979197746
pen-based,GaussianMixture,6,kmeans,0.13884591730311513,-262075.42390581817,12.309317608719066,2,0.1388826658949256,0.4442199413141015,0.5751455604075691,1.3396586132135024,0.6468275979197746
pen-based,GaussianMixture,6,kmeans,0.1401286250911653,-262075.42390581817,12.309317608719066,3,0.14015879202634096,0.4442199413141015,0.5751455604075691,1.3396586132135024,0.6468275979197746
pen-based,GaussianMixture,6,kmeans,0.1394923753105104,-262075.42390581817,12.309317608719066,4,0.13953824993222952,0.4442199413141015,0.5751455604075691,1.3396586132135024,0.6468275979197746
pen-based,GaussianMixture,6,kmeans,0.13829995831474662,-262075.42390581817,12.309317608719066,5,0.1383290416561067,0.4442199413141015,0.5751455604075691,1.3396586132135024,0.6468275979197746
pen-based,GaussianMixture,6,kmeans,0.13941462524235249,-262075.42390581817,12.309317608719066,6,0.13945400016382337,0.4442199413141015,0.5751455604075691,1.3396586132135024,0.6468275979197746
pen-based,GaussianMixture,6,kmeans,0.13968345802277327,-262075.42390581817,12.309317608719066,7,0.1397231249138713,0.4442199413141015,0.5751455604075691,1.3396586132135024,0.6468275979197746
pen-based,GaussianMixture,6,kmeans,0.1463929577730596,-262075.42390581817,12.309317608719066,8,0.1464315839111805,0.4442199413141015,0.5751455604075691,1.3396586132135024,0.6468275979197746
pen-based,GaussianMixture,6,kmeans,0.14196512522175908,-262075.42390581817,12.309317608719066,9,0.14199612475931644,0.4442199413141015,0.5751455604075691,1.3396586132135024,0.6468275979197746
pen-based,GaussianMixture,6,random,0.23696466675028205,-266118.6787107668,12.493235676629755,0,0.23700870806351304,0.49532775517728034,0.5666848617176128,2.8789310444344847,0.6215105315227601
pen-based,GaussianMixture,6,random,0.233214708045125,-266118.6787107668,12.493235676629755,1,0.23324291687458754,0.49532775517728034,0.5666848617176128,2.8789310444344847,0.6215105315227601
pen-based,GaussianMixture,6,random,0.2323821671307087,-266118.6787107668,12.493235676629755,2,0.23241433361545205,0.49532775517728034,0.5666848617176128,2.8789310444344847,0.6215105315227601
pen-based,GaussianMixture,6,random,0.23439925024285913,-266118.6787107668,12.493235676629755,3,0.23443391686305404,0.49532775517728034,0.5666848617176128,2.8789310444344847,0.6215105315227601
pen-based,GaussianMixture,6,random,0.2382248747162521,-266118.6787107668,12.493235676629755,4,0.23825662536546588,0.49532775517728034,0.5666848617176128,2.8789310444344847,0.6215105315227601
pen-based,GaussianMixture,6,random,0.23640241660177708,-266118.6787107668,12.493235676629755,5,0.23643045825883746,0.49532775517728034,0.5666848617176128,2.8789310444344847,0.6215105315227601
pen-based,GaussianMixture,6,random,0.23657487519085407,-266118.6787107668,12.493235676629755,6,0.2366248331964016,0.49532775517728034,0.5666848617176128,2.8789310444344847,0.6215105315227601
pen-based,GaussianMixture,6,random,0.23776075011119246,-266118.6787107668,12.493235676629755,7,0.23778866697102785,0.49532775517728034,0.5666848617176128,2.8789310444344847,0.6215105315227601
pen-based,GaussianMixture,6,random,0.23196425009518862,-266118.6787107668,12.493235676629755,8,0.2319972920231521,0.49532775517728034,0.5666848617176128,2.8789310444344847,0.6215105315227601
pen-based,GaussianMixture,6,random,0.23785437503829598,-266118.6787107668,12.493235676629755,9,0.23788262531161308,0.49532775517728034,0.5666848617176128,2.8789310444344847,0.6215105315227601
pen-based,GaussianMixture,6,k-means++,0.14867791580036283,-251737.09121733994,11.839051383806483,0,0.14871054096147418,0.4365510581008319,0.5357532751091703,1.451911904304362,0.6152498223658167
pen-based,GaussianMixture,6,k-means++,0.1483403746969998,-251737.09121733994,11.839051383806483,1,0.14836841728538275,0.4365510581008319,0.5357532751091703,1.451911904304362,0.6152498223658167
pen-based,GaussianMixture,6,k-means++,0.14996483316645026,-251737.09121733994,11.839051383806483,2,0.14999533398076892,0.4365510581008319,0.5357532751091703,1.451911904304362,0.6152498223658167
pen-based,GaussianMixture,6,k-means++,0.14621166698634624,-251737.09121733994,11.839051383806483,3,0.14624412497505546,0.4365510581008319,0.5357532751091703,1.451911904304362,0.6152498223658167
pen-based,GaussianMixture,6,k-means++,0.14634291594848037,-251737.09121733994,11.839051383806483,4,0.1463853749446571,0.4365510581008319,0.5357532751091703,1.451911904304362,0.6152498223658167
pen-based,GaussianMixture,6,k-means++,0.14963229093700647,-251737.09121733994,11.839051383806483,5,0.1496641249395907,0.4365510581008319,0.5357532751091703,1.451911904304362,0.6152498223658167
pen-based,GaussianMixture,6,k-means++,0.14885366708040237,-251737.09121733994,11.839051383806483,6,0.14889166690409184,0.4365510581008319,0.5357532751091703,1.451911904304362,0.6152498223658167
pen-based,GaussianMixture,6,k-means++,0.1494121248833835,-251737.09121733994,11.839051383806483,7,0.14944391697645187,0.4365510581008319,0.5357532751091703,1.451911904304362,0.6152498223658167
pen-based,GaussianMixture,6,k-means++,0.1487811249680817,-251737.09121733994,11.839051383806483,8,0.14882416604086757,0.4365510581008319,0.5357532751091703,1.451911904304362,0.6152498223658167
pen-based,GaussianMixture,6,k-means++,0.1485964171588421,-251737.09121733994,11.839051383806483,9,0.14862608397379518,0.4365510581008319,0.5357532751091703,1.451911904304362,0.6152498223658167
pen-based,GaussianMixture,6,random_from_data,0.2009103330783546,-262342.85628796654,12.321482473263659,0,0.20095566613599658,0.43733754489457544,0.5331149927219796,2.0915371236308773,0.5852255899363733
pen-based,GaussianMixture,6,random_from_data,0.19956733426079154,-262342.85628796654,12.321482473263659,1,0.19959654193371534,0.43733754489457544,0.5331149927219796,2.0915371236308773,0.5852255899363733
pen-based,GaussianMixture,6,random_from_data,0.2054572911001742,-262342.85628796654,12.321482473263659,2,0.2054972075857222,0.43733754489457544,0.5331149927219796,2.0915371236308773,0.5852255899363733
pen-based,GaussianMixture,6,random_from_data,0.2066042497754097,-262342.85628796654,12.321482473263659,3,0.2066343748010695,0.43733754489457544,0.5331149927219796,2.0915371236308773,0.5852255899363733
pen-based,GaussianMixture,6,random_from_data,0.20350749976933002,-262342.85628796654,12.321482473263659,4,0.20355074992403388,0.43733754489457544,0.5331149927219796,2.0915371236308773,0.5852255899363733
pen-based,GaussianMixture,6,random_from_data,0.20105904201045632,-262342.85628796654,12.321482473263659,5,0.20109204202890396,0.43733754489457544,0.5331149927219796,2.0915371236308773,0.5852255899363733
pen-based,GaussianMixture,6,random_from_data,0.2030354170128703,-262342.85628796654,12.321482473263659,6,0.20308245811611414,0.43733754489457544,0.5331149927219796,2.0915371236308773,0.5852255899363733
pen-based,GaussianMixture,6,random_from_data,0.20599020831286907,-262342.85628796654,12.321482473263659,7,0.2060186667367816,0.43733754489457544,0.5331149927219796,2.0915371236308773,0.5852255899363733
pen-based,GaussianMixture,6,random_from_data,0.20030645793303847,-262342.85628796654,12.321482473263659,8,0.2003451669588685,0.43733754489457544,0.5331149927219796,2.0915371236308773,0.5852255899363733
pen-based,GaussianMixture,6,random_from_data,0.20313870767131448,-262342.85628796654,12.321482473263659,9,0.20316745899617672,0.43733754489457544,0.5331149927219796,2.0915371236308773,0.5852255899363733
pen-based,GaussianMixture,7,kmeans,0.20692408317700028,-280727.44907539384,13.22251258646599,0,0.20696287509053946,0.5079977539495324,0.6294577874818049,1.3667550527961325,0.6933064202491152
pen-based,GaussianMixture,7,kmeans,0.20931312488391995,-280727.44907539384,13.22251258646599,1,0.20934170810505748,0.5079977539495324,0.6294577874818049,1.3667550527961325,0.6933064202491152
pen-based,GaussianMixture,7,kmeans,0.2066734591498971,-280727.44907539384,13.22251258646599,2,0.20670295786112547,0.5079977539495324,0.6294577874818049,1.3667550527961325,0.6933064202491152
pen-based,GaussianMixture,7,kmeans,0.20845058327540755,-280727.44907539384,13.22251258646599,3,0.20848787482827902,0.5079977539495324,0.6294577874818049,1.3667550527961325,0.6933064202491152
pen-based,GaussianMixture,7,kmeans,0.20952237490564585,-280727.44907539384,13.22251258646599,4,0.20955929206684232,0.5079977539495324,0.6294577874818049,1.3667550527961325,0.6933064202491152
pen-based,GaussianMixture,7,kmeans,0.2077738749794662,-280727.44907539384,13.22251258646599,5,0.20780899981036782,0.5079977539495324,0.6294577874818049,1.3667550527961325,0.6933064202491152
pen-based,GaussianMixture,7,kmeans,0.20971129182726145,-280727.44907539384,13.22251258646599,6,0.20974266715347767,0.5079977539495324,0.6294577874818049,1.3667550527961325,0.6933064202491152
pen-based,GaussianMixture,7,kmeans,0.20898687466979027,-280727.44907539384,13.22251258646599,7,0.2090187082067132,0.5079977539495324,0.6294577874818049,1.3667550527961325,0.6933064202491152
pen-based,GaussianMixture,7,kmeans,0.2095342082902789,-280727.44907539384,13.22251258646599,8,0.2095674998126924,0.5079977539495324,0.6294577874818049,1.3667550527961325,0.6933064202491152
pen-based,GaussianMixture,7,kmeans,0.20732995821163058,-280727.44907539384,13.22251258646599,9,0.20735758310183883,0.5079977539495324,0.6294577874818049,1.3667550527961325,0.6933064202491152
pen-based,GaussianMixture,7,random,0.2248729169368744,-264298.8698363069,12.475215495896169,0,0.22490675002336502,0.43572214215844035,0.550764192139738,2.924148036037292,0.581184718034254
pen-based,GaussianMixture,7,random,0.22459645802155137,-264298.8698363069,12.475215495896169,1,0.22462404193356633,0.43572214215844035,0.550764192139738,2.924148036037292,0.581184718034254
pen-based,GaussianMixture,7,random,0.22357070771977305,-264298.8698363069,12.475215495896169,2,0.22360175009816885,0.43572214215844035,0.550764192139738,2.924148036037292,0.581184718034254
pen-based,GaussianMixture,7,random,0.22662979224696755,-264298.8698363069,12.475215495896169,3,0.22665829211473465,0.43572214215844035,0.550764192139738,2.924148036037292,0.581184718034254
pen-based,GaussianMixture,7,random,0.2256763749755919,-264298.8698363069,12.475215495896169,4,0.22571929218247533,0.43572214215844035,0.550764192139738,2.924148036037292,0.581184718034254
pen-based,GaussianMixture,7,random,0.23253520764410496,-264298.8698363069,12.475215495896169,5,0.23256358318030834,0.43572214215844035,0.550764192139738,2.924148036037292,0.581184718034254
pen-based,GaussianMixture,7,random,0.22533150017261505,-264298.8698363069,12.475215495896169,6,0.22536570811644197,0.43572214215844035,0.550764192139738,2.924148036037292,0.581184718034254
pen-based,GaussianMixture,7,random,0.22510333405807614,-264298.8698363069,12.475215495896169,7,0.22513241600245237,0.43572214215844035,0.550764192139738,2.924148036037292,0.581184718034254
pen-based,GaussianMixture,7,random,0.22805516701191664,-264298.8698363069,12.475215495896169,8,0.2280962080694735,0.43572214215844035,0.550764192139738,2.924148036037292,0.581184718034254
pen-based,GaussianMixture,7,random,0.22714833309873939,-264298.8698363069,12.475215495896169,9,0.2271769167855382,0.43572214215844035,0.550764192139738,2.924148036037292,0.581184718034254
pen-based,GaussianMixture,7,k-means++,0.24978045793250203,-277498.0941669963,13.075616893762318,0,0.24981370801106095,0.4752497244699558,0.616448326055313,1.4765149123562111,0.6564246646828191
pen-based,GaussianMixture,7,k-means++,0.25195933412760496,-277498.0941669963,13.075616893762318,1,0.25198841700330377,0.4752497244699558,0.616448326055313,1.4765149123562111,0.6564246646828191
pen-based,GaussianMixture,7,k-means++,0.2540509579703212,-277498.0941669963,13.075616893762318,2,0.25408354215323925,0.4752497244699558,0.616448326055313,1.4765149123562111,0.6564246646828191
pen-based,GaussianMixture,7,k-means++,0.24031283287331462,-277498.0941669963,13.075616893762318,3,0.24035345809534192,0.4752497244699558,0.616448326055313,1.4765149123562111,0.6564246646828191
pen-based,GaussianMixture,7,k-means++,0.24208045890554786,-277498.0941669963,13.075616893762318,4,0.24212154187262058,0.4752497244699558,0.616448326055313,1.4765149123562111,0.6564246646828191
pen-based,GaussianMixture,7,k-means++,0.2465157499536872,-277498.0941669963,13.075616893762318,5,0.24656320782378316,0.4752497244699558,0.616448326055313,1.4765149123562111,0.6564246646828191
pen-based,GaussianMixture,7,k-means++,0.23781387507915497,-277498.0941669963,13.075616893762318,6,0.23784841690212488,0.4752497244699558,0.616448326055313,1.4765149123562111,0.6564246646828191
pen-based,GaussianMixture,7,k-means++,0.24003583285957575,-277498.0941669963,13.075616893762318,7,0.24006391689181328,0.4752497244699558,0.616448326055313,1.4765149123562111,0.6564246646828191
pen-based,GaussianMixture,7,k-means++,0.2442074166610837,-277498.0941669963,13.075616893762318,8,0.2442419594153762,0.4752497244699558,0.616448326055313,1.4765149123562111,0.6564246646828191
pen-based,GaussianMixture,7,k-means++,0.24325033323839307,-277498.0941669963,13.075616893762318,9,0.24328020913526416,0.4752497244699558,0.616448326055313,1.4765149123562111,0.6564246646828191
pen-based,GaussianMixture,7,random_from_data,0.28195379162207246,-272574.7415161,12.851665262990107,0,0.2819862081669271,0.47498920131940764,0.5975254730713246,1.6963086075313656,0.6285739636833494
pen-based,GaussianMixture,7,random_from_data,0.2816290413029492,-272574.7415161,12.851665262990107,1,0.2816576659679413,0.47498920131940764,0.5975254730713246,1.6963086075313656,0.6285739636833494
pen-based,GaussianMixture,7,random_from_data,0.28133779112249613,-272574.7415161,12.851665262990107,2,0.2813688749447465,0.47498920131940764,0.5975254730713246,1.6963086075313656,0.6285739636833494
pen-based,GaussianMixture,7,random_from_data,0.27797512523829937,-272574.7415161,12.851665262990107,3,0.27800362510606647,0.47498920131940764,0.5975254730713246,1.6963086075313656,0.6285739636833494
pen-based,GaussianMixture,7,random_from_data,0.2820297498255968,-272574.7415161,12.851665262990107,4,0.2820599996484816,0.47498920131940764,0.5975254730713246,1.6963086075313656,0.6285739636833494
pen-based,GaussianMixture,7,random_from_data,0.2821111660450697,-272574.7415161,12.851665262990107,5,0.28214087476953864,0.47498920131940764,0.5975254730713246,1.6963086075313656,0.6285739636833494
pen-based,GaussianMixture,7,random_from_data,0.2818835829384625,-272574.7415161,12.851665262990107,6,0.2819283748976886,0.47498920131940764,0.5975254730713246,1.6963086075313656,0.6285739636833494
pen-based,GaussianMixture,7,random_from_data,0.28355316584929824,-272574.7415161,12.851665262990107,7,0.28358958335593343,0.47498920131940764,0.5975254730713246,1.6963086075313656,0.6285739636833494
pen-based,GaussianMixture,7,random_from_data,0.28054816694930196,-272574.7415161,12.851665262990107,8,0.28057833295315504,0.47498920131940764,0.5975254730713246,1.6963086075313656,0.6285739636833494
pen-based,GaussianMixture,7,random_from_data,0.2785928752273321,-272574.7415161,12.851665262990107,9,0.27862170804291964,0.47498920131940764,0.5975254730713246,1.6963086075313656,0.6285739636833494
pen-based,GaussianMixture,8,kmeans,0.3604045840911567,-311097.7002815482,14.668741863547824,0,0.3604403748176992,0.5293343794488771,0.6584788937409025,1.8336787548239817,0.6930898517369024
pen-based,GaussianMixture,8,kmeans,0.36380337504670024,-311097.7002815482,14.668741863547824,1,0.36383199971169233,0.5293343794488771,0.6584788937409025,1.8336787548239817,0.6930898517369024
pen-based,GaussianMixture,8,kmeans,0.36052754195407033,-311097.7002815482,14.668741863547824,2,0.36056808289140463,0.5293343794488771,0.6584788937409025,1.8336787548239817,0.6930898517369024
pen-based,GaussianMixture,8,kmeans,0.35771487513557076,-311097.7002815482,14.668741863547824,3,0.35776475025340915,0.5293343794488771,0.6584788937409025,1.8336787548239817,0.6930898517369024
pen-based,GaussianMixture,8,kmeans,0.3666913746856153,-311097.7002815482,14.668741863547824,4,0.36672841710969806,0.5293343794488771,0.6584788937409025,1.8336787548239817,0.6930898517369024
pen-based,GaussianMixture,8,kmeans,0.36550741735845804,-311097.7002815482,14.668741863547824,5,0.36553591676056385,0.5293343794488771,0.6584788937409025,1.8336787548239817,0.6930898517369024
pen-based,GaussianMixture,8,kmeans,0.36435099970549345,-311097.7002815482,14.668741863547824,6,0.36438237503170967,0.5293343794488771,0.6584788937409025,1.8336787548239817,0.6930898517369024
pen-based,GaussianMixture,8,kmeans,0.3609830420464277,-311097.7002815482,14.668741863547824,7,0.36101533425971866,0.5293343794488771,0.6584788937409025,1.8336787548239817,0.6930898517369024
pen-based,GaussianMixture,8,kmeans,0.3630984160117805,-311097.7002815482,14.668741863547824,8,0.363134166225791,0.5293343794488771,0.6584788937409025,1.8336787548239817,0.6930898517369024
pen-based,GaussianMixture,8,kmeans,0.36478791711851954,-311097.7002815482,14.668741863547824,9,0.3648191657848656,0.5293343794488771,0.6584788937409025,1.8336787548239817,0.6930898517369024
pen-based,GaussianMixture,8,random,0.440567291341722,-288889.83933069225,13.658558960033634,0,0.4406049996614456,0.5812228543079305,0.6391921397379913,3.100045240079115,0.7075657211686928
pen-based,GaussianMixture,8,random,0.44480474991723895,-288889.83933069225,13.658558960033634,1,0.4448374998755753,0.5812228543079305,0.6391921397379913,3.100045240079115,0.7075657211686928
pen-based,GaussianMixture,8,random,0.43812379194423556,-288889.83933069225,13.658558960033634,2,0.43830966716632247,0.5812228543079305,0.6391921397379913,3.100045240079115,0.7075657211686928
pen-based,GaussianMixture,8,random,0.437675291672349,-288889.83933069225,13.658558960033634,3,0.4377071247436106,0.5812228543079305,0.6391921397379913,3.100045240079115,0.7075657211686928
pen-based,GaussianMixture,8,random,0.4448955417610705,-288889.83933069225,13.658558960033634,4,0.4449257920496166,0.5812228543079305,0.6391921397379913,3.100045240079115,0.7075657211686928
pen-based,GaussianMixture,8,random,0.441319250036031,-288889.83933069225,13.658558960033634,5,0.4413472078740597,0.5812228543079305,0.6391921397379913,3.100045240079115,0.7075657211686928
pen-based,GaussianMixture,8,random,0.4395375410094857,-288889.83933069225,13.658558960033634,6,0.4395721252076328,0.5812228543079305,0.6391921397379913,3.100045240079115,0.7075657211686928
pen-based,GaussianMixture,8,random,0.44226454105228186,-288889.83933069225,13.658558960033634,7,0.4422935829497874,0.5812228543079305,0.6391921397379913,3.100045240079115,0.7075657211686928
pen-based,GaussianMixture,8,random,0.44121983414515853,-288889.83933069225,13.658558960033634,8,0.4412508332170546,0.5812228543079305,0.6391921397379913,3.100045240079115,0.7075657211686928
pen-based,GaussianMixture,8,random,0.44352958304807544,-288889.83933069225,13.658558960033634,9,0.44356229063123465,0.5812228543079305,0.6391921397379913,3.100045240079115,0.7075657211686928
pen-based,GaussianMixture,8,k-means++,0.20461266674101353,-295189.21781485726,13.945102741154678,0,0.204647334292531,0.621826776846625,0.7223435225618632,1.6530218057419641,0.7514132825893558
pen-based,GaussianMixture,8,k-means++,0.20646945806220174,-295189.21781485726,13.945102741154678,1,0.20650804182514548,0.621826776846625,0.7223435225618632,1.6530218057419641,0.7514132825893558
pen-based,GaussianMixture,8,k-means++,0.2055071252398193,-295189.21781485726,13.945102741154678,2,0.20569337531924248,0.621826776846625,0.7223435225618632,1.6530218057419641,0.7514132825893558
pen-based,GaussianMixture,8,k-means++,0.20787949999794364,-295189.21781485726,13.945102741154678,3,0.20790995797142386,0.621826776846625,0.7223435225618632,1.6530218057419641,0.7514132825893558
pen-based,GaussianMixture,8,k-means++,0.20635208394378424,-295189.21781485726,13.945102741154678,4,0.20638300012797117,0.621826776846625,0.7223435225618632,1.6530218057419641,0.7514132825893558
pen-based,GaussianMixture,8,k-means++,0.20367720816284418,-295189.21781485726,13.945102741154678,5,0.20371108269318938,0.621826776846625,0.7223435225618632,1.6530218057419641,0.7514132825893558
pen-based,GaussianMixture,8,k-means++,0.21273862523958087,-295189.21781485726,13.945102741154678,6,0.21277941716834903,0.621826776846625,0.7223435225618632,1.6530218057419641,0.7514132825893558
pen-based,GaussianMixture,8,k-means++,0.20610479079186916,-295189.21781485726,13.945102741154678,7,0.20613270765170455,0.621826776846625,0.7223435225618632,1.6530218057419641,0.7514132825893558
pen-based,GaussianMixture,8,k-means++,0.20771633321419358,-295189.21781485726,13.945102741154678,8,0.2077589170075953,0.621826776846625,0.7223435225618632,1.6530218057419641,0.7514132825893558
pen-based,GaussianMixture,8,k-means++,0.20636883284896612,-295189.21781485726,13.945102741154678,9,0.20639774994924664,0.621826776846625,0.7223435225618632,1.6530218057419641,0.7514132825893558
pen-based,GaussianMixture,8,random_from_data,0.25632745772600174,-302062.650813391,14.257758900112727,0,0.25636116694658995,0.4924018974154821,0.6242721979621543,1.8207302154598506,0.6625915724653634
pen-based,GaussianMixture,8,random_from_data,0.2571100420318544,-302062.650813391,14.257758900112727,1,0.2571387500502169,0.4924018974154821,0.6242721979621543,1.8207302154598506,0.6625915724653634
pen-based,GaussianMixture,8,random_from_data,0.2572354581207037,-302062.650813391,14.257758900112727,2,0.25726562505587935,0.4924018974154821,0.6242721979621543,1.8207302154598506,0.6625915724653634
pen-based,GaussianMixture,8,random_from_data,0.256803167052567,-302062.650813391,14.257758900112727,3,0.25683849956840277,0.4924018974154821,0.6242721979621543,1.8207302154598506,0.6625915724653634
pen-based,GaussianMixture,8,random_from_data,0.25556866731494665,-302062.650813391,14.257758900112727,4,0.255598708987236,0.4924018974154821,0.6242721979621543,1.8207302154598506,0.6625915724653634
pen-based,GaussianMixture,8,random_from_data,0.2573401667177677,-302062.650813391,14.257758900112727,5,0.2573697082698345,0.4924018974154821,0.6242721979621543,1.8207302154598506,0.6625915724653634
pen-based,GaussianMixture,8,random_from_data,0.2602416668087244,-302062.650813391,14.257758900112727,6,0.2602758747525513,0.4924018974154821,0.6242721979621543,1.8207302154598506,0.6625915724653634
pen-based,GaussianMixture,8,random_from_data,0.255063499789685,-302062.650813391,14.257758900112727,7,0.2550958748906851,0.4924018974154821,0.6242721979621543,1.8207302154598506,0.6625915724653634
pen-based,GaussianMixture,8,random_from_data,0.2618304998613894,-302062.650813391,14.257758900112727,8,0.26186033384874463,0.4924018974154821,0.6242721979621543,1.8207302154598506,0.6625915724653634
pen-based,GaussianMixture,8,random_from_data,0.2562550422735512,-302062.650813391,14.257758900112727,9,0.25629637530073524,0.4924018974154821,0.6242721979621543,1.8207302154598506,0.6625915724653634
pen-based,GaussianMixture,9,kmeans,0.38676445838063955,-319746.1678138463,15.126898739162401,0,0.3868047082796693,0.5674039516557402,0.6930494905385735,1.7279487114849532,0.735237046105515
pen-based,GaussianMixture,9,kmeans,0.38629062473773956,-319746.1678138463,15.126898739162401,1,0.3863186249509454,0.5674039516557402,0.6930494905385735,1.7279487114849532,0.735237046105515
pen-based,GaussianMixture,9,kmeans,0.38757074996829033,-319746.1678138463,15.126898739162401,2,0.3876052498817444,0.5674039516557402,0.6930494905385735,1.7279487114849532,0.735237046105515
pen-based,GaussianMixture,9,kmeans,0.38833074970170856,-319746.1678138463,15.126898739162401,3,0.3883598749525845,0.5674039516557402,0.6930494905385735,1.7279487114849532,0.735237046105515
pen-based,GaussianMixture,9,kmeans,0.39235733402892947,-319746.1678138463,15.126898739162401,4,0.3923880001530051,0.5674039516557402,0.6930494905385735,1.7279487114849532,0.735237046105515
pen-based,GaussianMixture,9,kmeans,0.3894380843266845,-319746.1678138463,15.126898739162401,5,0.38946662470698357,0.5674039516557402,0.6930494905385735,1.7279487114849532,0.735237046105515
pen-based,GaussianMixture,9,kmeans,0.3982435828074813,-319746.1678138463,15.126898739162401,6,0.3982902499847114,0.5674039516557402,0.6930494905385735,1.7279487114849532,0.735237046105515
pen-based,GaussianMixture,9,kmeans,0.42756024980917573,-319746.1678138463,15.126898739162401,7,0.4275892497971654,0.5674039516557402,0.6930494905385735,1.7279487114849532,0.735237046105515
pen-based,GaussianMixture,9,kmeans,0.4108325829729438,-319746.1678138463,15.126898739162401,8,0.41086320765316486,0.5674039516557402,0.6930494905385735,1.7279487114849532,0.735237046105515
pen-based,GaussianMixture,9,kmeans,0.3893649587407708,-319746.1678138463,15.126898739162401,9,0.38939283415675163,0.5674039516557402,0.6930494905385735,1.7279487114849532,0.735237046105515
pen-based,GaussianMixture,9,random,0.47327483305707574,-310915.90703193896,14.725231127176077,0,0.4734340412542224,0.5236938186604045,0.6389192139737991,1.9654594492312185,0.6551266838871752
pen-based,GaussianMixture,9,random,0.4738370832055807,-310915.90703193896,14.725231127176077,1,0.47388025000691414,0.5236938186604045,0.6389192139737991,1.9654594492312185,0.6551266838871752
pen-based,GaussianMixture,9,random,0.4804854579269886,-310915.90703193896,14.725231127176077,2,0.4805163750424981,0.5236938186604045,0.6389192139737991,1.9654594492312185,0.6551266838871752
pen-based,GaussianMixture,9,random,0.4785723746754229,-310915.90703193896,14.725231127176077,3,0.4786012079566717,0.5236938186604045,0.6389192139737991,1.9654594492312185,0.6551266838871752
pen-based,GaussianMixture,9,random,0.47336216690018773,-310915.90703193896,14.725231127176077,4,0.47339662490412593,0.5236938186604045,0.6389192139737991,1.9654594492312185,0.6551266838871752
pen-based,GaussianMixture,9,random,0.47575558302924037,-310915.90703193896,14.725231127176077,5,0.4757876661606133,0.5236938186604045,0.6389192139737991,1.9654594492312185,0.6551266838871752
pen-based,GaussianMixture,9,random,0.4753103330731392,-310915.90703193896,14.725231127176077,6,0.4753539999946952,0.5236938186604045,0.6389192139737991,1.9654594492312185,0.6551266838871752
pen-based,GaussianMixture,9,random,0.46414824994280934,-310915.90703193896,14.725231127176077,7,0.46417616680264473,0.5236938186604045,0.6389192139737991,1.9654594492312185,0.6551266838871752
pen-based,GaussianMixture,9,random,0.4736854159273207,-310915.90703193896,14.725231127176077,8,0.4737302088178694,0.5236938186604045,0.6389192139737991,1.9654594492312185,0.6551266838871752
pen-based,GaussianMixture,9,random,0.47608174988999963,-310915.90703193896,14.725231127176077,9,0.4761099577881396,0.5236938186604045,0.6389192139737991,1.9654594492312185,0.6551266838871752
pen-based,GaussianMixture,9,k-means++,0.26094662537798285,-297020.1001296235,14.0931438408626,0,0.2609813748858869,0.5766381748478581,0.6924126637554585,1.659168483119485,0.7116959814099533
pen-based,GaussianMixture,9,k-means++,0.26539141684770584,-297020.1001296235,14.0931438408626,1,0.26541987527161837,0.5766381748478581,0.6924126637554585,1.659168483119485,0.7116959814099533
pen-based,GaussianMixture,9,k-means++,0.26407499983906746,-297020.1001296235,14.0931438408626,2,0.26410525012761354,0.5766381748478581,0.6924126637554585,1.659168483119485,0.7116959814099533
pen-based,GaussianMixture,9,k-means++,0.25942708319053054,-297020.1001296235,14.0931438408626,3,0.25945558305829763,0.5766381748478581,0.6924126637554585,1.659168483119485,0.7116959814099533
pen-based,GaussianMixture,9,k-means++,0.25551633303985,-297020.1001296235,14.0931438408626,4,0.25554849999025464,0.5766381748478581,0.6924126637554585,1.659168483119485,0.7116959814099533
pen-based,GaussianMixture,9,k-means++,0.26358666690066457,-297020.1001296235,14.0931438408626,5,0.2636150838807225,0.5766381748478581,0.6924126637554585,1.659168483119485,0.7116959814099533
pen-based,GaussianMixture,9,k-means++,0.2404391667805612,-297020.1001296235,14.0931438408626,6,0.24047879176214337,0.5766381748478581,0.6924126637554585,1.659168483119485,0.7116959814099533
pen-based,GaussianMixture,9,k-means++,0.26005820790305734,-297020.1001296235,14.0931438408626,7,0.2600864162668586,0.5766381748478581,0.6924126637554585,1.659168483119485,0.7116959814099533
pen-based,GaussianMixture,9,k-means++,0.25092612486332655,-297020.1001296235,14.0931438408626,8,0.25096504110842943,0.5766381748478581,0.6924126637554585,1.659168483119485,0.7116959814099533
pen-based,GaussianMixture,9,k-means++,0.2635123752988875,-297020.1001296235,14.0931438408626,9,0.26358141703531146,0.5766381748478581,0.6924126637554585,1.659168483119485,0.7116959814099533
pen-based,GaussianMixture,9,random_from_data,0.30910083279013634,-320219.95370182424,15.148450135085705,0,0.3091313745826483,0.5766127850708377,0.6982350800582242,1.7366565312079634,0.7359340916853252
pen-based,GaussianMixture,9,random_from_data,0.30435291631147265,-320219.95370182424,15.148450135085705,1,0.30440649995580316,0.5766127850708377,0.6982350800582242,1.7366565312079634,0.7359340916853252
pen-based,GaussianMixture,9,random_from_data,0.29394999984651804,-320219.95370182424,15.148450135085705,2,0.29399562533944845,0.5766127850708377,0.6982350800582242,1.7366565312079634,0.7359340916853252
pen-based,GaussianMixture,9,random_from_data,0.2934383749961853,-320219.95370182424,15.148450135085705,3,0.2934689577668905,0.5766127850708377,0.6982350800582242,1.7366565312079634,0.7359340916853252
pen-based,GaussianMixture,9,random_from_data,0.29228587495163083,-320219.95370182424,15.148450135085705,4,0.29231645818799734,0.5766127850708377,0.6982350800582242,1.7366565312079634,0.7359340916853252
pen-based,GaussianMixture,9,random_from_data,0.28838087478652596,-320219.95370182424,15.148450135085705,5,0.28841158421710134,0.5766127850708377,0.6982350800582242,1.7366565312079634,0.7359340916853252
pen-based,GaussianMixture,9,random_from_data,0.2919428343884647,-320219.95370182424,15.148450135085705,6,0.2919756672345102,0.5766127850708377,0.6982350800582242,1.7366565312079634,0.7359340916853252
pen-based,GaussianMixture,9,random_from_data,0.29260683292523026,-320219.95370182424,15.148450135085705,7,0.29264020919799805,0.5766127850708377,0.6982350800582242,1.7366565312079634,0.7359340916853252
pen-based,GaussianMixture,9,random_from_data,0.2957855421118438,-320219.95370182424,15.148450135085705,8,0.29583079228177667,0.5766127850708377,0.6982350800582242,1.7366565312079634,0.7359340916853252
pen-based,GaussianMixture,9,random_from_data,0.29309516679495573,-320219.95370182424,15.148450135085705,9,0.2931239581666887,0.5766127850708377,0.6982350800582242,1.7366565312079634,0.7359340916853252
pen-based,GaussianMixture,10,kmeans,0.4685827917419374,-328450.93673930754,15.587616631569329,0,0.46862462535500526,0.5731132565312305,0.7162481804949054,1.6623870143456443,0.7395310724488227
pen-based,GaussianMixture,10,kmeans,0.46411183290183544,-328450.93673930754,15.587616631569329,1,0.4641405828297138,0.5731132565312305,0.7162481804949054,1.6623870143456443,0.7395310724488227
pen-based,GaussianMixture,10,kmeans,0.4670532909221947,-328450.93673930754,15.587616631569329,2,0.4670835412107408,0.5731132565312305,0.7162481804949054,1.6623870143456443,0.7395310724488227
pen-based,GaussianMixture,10,kmeans,0.4667576658539474,-328450.93673930754,15.587616631569329,3,0.46678608329966664,0.5731132565312305,0.7162481804949054,1.6623870143456443,0.7395310724488227
pen-based,GaussianMixture,10,kmeans,0.46969187492504716,-328450.93673930754,15.587616631569329,4,0.4697249587625265,0.5731132565312305,0.7162481804949054,1.6623870143456443,0.7395310724488227
pen-based,GaussianMixture,10,kmeans,0.46400554198771715,-328450.93673930754,15.587616631569329,5,0.4640537495724857,0.5731132565312305,0.7162481804949054,1.6623870143456443,0.7395310724488227
pen-based,GaussianMixture,10,kmeans,0.46548716723918915,-328450.93673930754,15.587616631569329,6,0.4655186668969691,0.5731132565312305,0.7162481804949054,1.6623870143456443,0.7395310724488227
pen-based,GaussianMixture,10,kmeans,0.46043662540614605,-328450.93673930754,15.587616631569329,7,0.460464958101511,0.5731132565312305,0.7162481804949054,1.6623870143456443,0.7395310724488227
pen-based,GaussianMixture,10,kmeans,0.4623440830036998,-328450.93673930754,15.587616631569329,8,0.46238566702231765,0.5731132565312305,0.7162481804949054,1.6623870143456443,0.7395310724488227
pen-based,GaussianMixture,10,kmeans,0.46657062508165836,-328450.93673930754,15.587616631569329,9,0.4665985000319779,0.5731132565312305,0.7162481804949054,1.6623870143456443,0.7395310724488227
pen-based,GaussianMixture,10,random,0.4261279171332717,-316669.7247643018,15.05171725133799,0,0.42616779170930386,0.550836090924894,0.6790393013100436,2.307232848583408,0.6937792757394184
pen-based,GaussianMixture,10,random,0.4294283748604357,-316669.7247643018,15.05171725133799,1,0.4294567499309778,0.550836090924894,0.6790393013100436,2.307232848583408,0.6937792757394184
pen-based,GaussianMixture,10,random,0.42986808298155665,-316669.7247643018,15.05171725133799,2,0.4299076250754297,0.550836090924894,0.6790393013100436,2.307232848583408,0.6937792757394184
pen-based,GaussianMixture,10,random,0.4339334578253329,-316669.7247643018,15.05171725133799,3,0.43396258307620883,0.550836090924894,0.6790393013100436,2.307232848583408,0.6937792757394184
pen-based,GaussianMixture,10,random,0.42101008305326104,-316669.7247643018,15.05171725133799,4,0.42104062531143427,0.550836090924894,0.6790393013100436,2.307232848583408,0.6937792757394184
pen-based,GaussianMixture,10,random,0.4239846249110997,-316669.7247643018,15.05171725133799,5,0.42401291709393263,0.550836090924894,0.6790393013100436,2.307232848583408,0.6937792757394184
pen-based,GaussianMixture,10,random,0.4191504172049463,-316669.7247643018,15.05171725133799,6,0.41918491711840034,0.550836090924894,0.6790393013100436,2.307232848583408,0.6937792757394184
pen-based,GaussianMixture,10,random,0.4276568749919534,-316669.7247643018,15.05171725133799,7,0.42768554110080004,0.550836090924894,0.6790393013100436,2.307232848583408,0.6937792757394184
pen-based,GaussianMixture,10,random,0.4302364159375429,-316669.7247643018,15.05171725133799,8,0.43026629090309143,0.550836090924894,0.6790393013100436,2.307232848583408,0.6937792757394184
pen-based,GaussianMixture,10,random,0.43078737519681454,-316669.7247643018,15.05171725133799,9,0.43081537494435906,0.550836090924894,0.6790393013100436,2.307232848583408,0.6937792757394184
pen-based,GaussianMixture,10,k-means++,0.6262908326461911,-330814.4979415257,15.695129422791043,0,0.6263235406950116,0.6571700361975387,0.7874818049490538,1.7720803562638932,0.7944477725827641
pen-based,GaussianMixture,10,k-means++,0.6264279591850936,-330814.4979415257,15.695129422791043,1,0.6264602500014007,0.6571700361975387,0.7874818049490538,1.7720803562638932,0.7944477725827641
pen-based,GaussianMixture,10,k-means++,0.6321624172851443,-330814.4979415257,15.695129422791043,2,0.6322134593501687,0.6571700361975387,0.7874818049490538,1.7720803562638932,0.7944477725827641
pen-based,GaussianMixture,10,k-means++,0.6364091672003269,-330814.4979415257,15.695129422791043,3,0.6364410002715886,0.6571700361975387,0.7874818049490538,1.7720803562638932,0.7944477725827641
pen-based,GaussianMixture,10,k-means++,0.637131541967392,-330814.4979415257,15.695129422791043,4,0.6371629158966243,0.6571700361975387,0.7874818049490538,1.7720803562638932,0.7944477725827641
pen-based,GaussianMixture,10,k-means++,0.6367916250601411,-330814.4979415257,15.695129422791043,5,0.6368197500705719,0.6571700361975387,0.7874818049490538,1.7720803562638932,0.7944477725827641
pen-based,GaussianMixture,10,k-means++,0.6277499170973897,-330814.4979415257,15.695129422791043,6,0.627789624966681,0.6571700361975387,0.7874818049490538,1.7720803562638932,0.7944477725827641
pen-based,GaussianMixture,10,k-means++,0.6356381666846573,-330814.4979415257,15.695129422791043,7,0.6356676248833537,0.6571700361975387,0.7874818049490538,1.7720803562638932,0.7944477725827641
pen-based,GaussianMixture,10,k-means++,0.6327074998989701,-330814.4979415257,15.695129422791043,8,0.63275191700086,0.6571700361975387,0.7874818049490538,1.7720803562638932,0.7944477725827641
pen-based,GaussianMixture,10,k-means++,0.6329726250842214,-330814.4979415257,15.695129422791043,9,0.6330026667565107,0.6571700361975387,0.7874818049490538,1.7720803562638932,0.7944477725827641
pen-based,GaussianMixture,10,random_from_data,0.411489499732852,-329873.7093027194,15.65233517975946,0,0.4115202915854752,0.5934990082322426,0.7207969432314411,1.8513675442451532,0.7225288549945811
pen-based,GaussianMixture,10,random_from_data,0.406275250017643,-329873.7093027194,15.65233517975946,1,0.40630395896732807,0.5934990082322426,0.7207969432314411,1.8513675442451532,0.7225288549945811
pen-based,GaussianMixture,10,random_from_data,0.40575833385810256,-329873.7093027194,15.65233517975946,2,0.40578870801255107,0.5934990082322426,0.7207969432314411,1.8513675442451532,0.7225288549945811
pen-based,GaussianMixture,10,random_from_data,0.4094879166223109,-329873.7093027194,15.65233517975946,3,0.409516166895628,0.5934990082322426,0.7207969432314411,1.8513675442451532,0.7225288549945811
pen-based,GaussianMixture,10,random_from_data,0.4040340827777982,-329873.7093027194,15.65233517975946,4,0.4040657081641257,0.5934990082322426,0.7207969432314411,1.8513675442451532,0.7225288549945811
pen-based,GaussianMixture,10,random_from_data,0.4111834168434143,-329873.7093027194,15.65233517975946,5,0.4112122501246631,0.5934990082322426,0.7207969432314411,1.8513675442451532,0.7225288549945811
pen-based,GaussianMixture,10,random_from_data,0.4131694589741528,-329873.7093027194,15.65233517975946,6,0.41321812476962805,0.5934990082322426,0.7207969432314411,1.8513675442451532,0.7225288549945811
pen-based,GaussianMixture,10,random_from_data,0.41073741717264056,-329873.7093027194,15.65233517975946,7,0.4107713750563562,0.5934990082322426,0.7207969432314411,1.8513675442451532,0.7225288549945811
pen-based,GaussianMixture,10,random_from_data,0.42234141705557704,-329873.7093027194,15.65233517975946,8,0.4223728748038411,0.5934990082322426,0.7207969432314411,1.8513675442451532,0.7225288549945811
pen-based,GaussianMixture,10,random_from_data,0.4209324582479894,-329873.7093027194,15.65233517975946,9,0.42096041701734066,0.5934990082322426,0.7207969432314411,1.8513675442451532,0.7225288549945811
